"respondent","i","j","type","weight"
200101,200101,200401,"borrowmoney",1
200202,200202,200101,"borrowmoney",1
200401,200401,210403,"borrowmoney",1
200402,200402,210403,"borrowmoney",1
200601,200601,200603,"borrowmoney",1
200602,200602,200603,"borrowmoney",1
200603,200603,211601,"borrowmoney",1
200901,200901,200701,"borrowmoney",1
201001,201001,211003,"borrowmoney",1
201002,201002,211003,"borrowmoney",1
201102,201102,204203,"borrowmoney",1
201103,201103,204203,"borrowmoney",1
201201,201201,213301,"borrowmoney",1
201202,201202,213301,"borrowmoney",1
201203,201203,213301,"borrowmoney",1
201204,201204,213301,"borrowmoney",1
201205,201205,213301,"borrowmoney",1
201206,201206,213301,"borrowmoney",1
201301,201301,200902,"borrowmoney",1
201302,201302,200902,"borrowmoney",1
201501,201501,201402,"borrowmoney",1
201502,201502,201402,"borrowmoney",1
201601,201601,201402,"borrowmoney",1
201602,201602,201402,"borrowmoney",1
201801,201801,212801,"borrowmoney",1
201802,201802,211902,"borrowmoney",1
202001,202001,204101,"borrowmoney",1
202002,202002,204101,"borrowmoney",1
202402,202402,202302,"borrowmoney",1
202501,202501,202601,"borrowmoney",1
202602,202602,201402,"borrowmoney",1
202801,202801,211003,"borrowmoney",1
202802,202802,202902,"borrowmoney",1
202803,202803,202902,"borrowmoney",1
203201,203201,211003,"borrowmoney",1
203202,203202,200802,"borrowmoney",1
203301,203301,214901,"borrowmoney",1
203302,203302,203101,"borrowmoney",1
203601,203601,200701,"borrowmoney",1
203602,203602,200702,"borrowmoney",1
203701,203701,217001,"borrowmoney",1
203702,203702,210901,"borrowmoney",1
204502,204502,214101,"borrowmoney",1
204504,204504,205002,"borrowmoney",1
204601,204601,204701,"borrowmoney",1
204602,204602,204601,"borrowmoney",1
205001,205001,204701,"borrowmoney",1
205002,205002,204402,"borrowmoney",1
205004,205004,205102,"borrowmoney",1
205101,205101,205301,"borrowmoney",1
205102,205102,206201,"borrowmoney",1
205301,205301,208601,"borrowmoney",1
205302,205302,206702,"borrowmoney",1
205401,205401,205501,"borrowmoney",1
205402,205402,210002,"borrowmoney",1
205501,205501,212302,"borrowmoney",1
205502,205502,205602,"borrowmoney",1
205601,205601,205501,"borrowmoney",1
205602,205602,217502,"borrowmoney",1
206001,206001,205101,"borrowmoney",1
206002,206002,206001,"borrowmoney",1
206201,206201,206102,"borrowmoney",1
206202,206202,206102,"borrowmoney",1
206601,206601,206703,"borrowmoney",1
206602,206602,206502,"borrowmoney",1
206901,206901,205501,"borrowmoney",1
206902,206902,206206,"borrowmoney",1
206903,206903,205501,"borrowmoney",1
206904,206904,207001,"borrowmoney",1
206908,206908,205305,"borrowmoney",1
207101,207101,207002,"borrowmoney",1
207102,207102,207501,"borrowmoney",1
207401,207401,204302,"borrowmoney",1
207402,207402,206601,"borrowmoney",1
207403,207403,207402,"borrowmoney",1
207801,207801,207601,"borrowmoney",1
207802,207802,207602,"borrowmoney",1
208102,208102,203401,"borrowmoney",1
208201,208201,205501,"borrowmoney",1
208202,208202,205501,"borrowmoney",1
208301,208301,204701,"borrowmoney",1
208302,208302,208602,"borrowmoney",1
208401,208401,207602,"borrowmoney",1
208402,208402,204702,"borrowmoney",1
208501,208501,208502,"borrowmoney",1
208503,208503,208502,"borrowmoney",1
208601,208601,209801,"borrowmoney",1
208602,208602,208503,"borrowmoney",1
208603,208603,208301,"borrowmoney",1
208701,208701,207201,"borrowmoney",1
208801,208801,212302,"borrowmoney",1
208802,208802,211902,"borrowmoney",1
208803,208803,206301,"borrowmoney",1
208804,208804,206704,"borrowmoney",1
208805,208805,218502,"borrowmoney",1
208901,208901,209901,"borrowmoney",1
208902,208902,208901,"borrowmoney",1
209301,209301,207201,"borrowmoney",1
209302,209302,209504,"borrowmoney",1
209501,209501,205901,"borrowmoney",1
209502,209502,218302,"borrowmoney",1
209503,209503,205301,"borrowmoney",1
209504,209504,218302,"borrowmoney",1
209601,209601,208805,"borrowmoney",1
209602,209602,208603,"borrowmoney",1
209801,209801,208901,"borrowmoney",1
209802,209802,209602,"borrowmoney",1
209803,209803,204403,"borrowmoney",1
209804,209804,207902,"borrowmoney",1
209805,209805,209801,"borrowmoney",1
210401,210401,211901,"borrowmoney",1
210403,210403,203001,"borrowmoney",1
210404,210404,210602,"borrowmoney",1
210501,210501,216401,"borrowmoney",1
210502,210502,210402,"borrowmoney",1
210505,210505,213401,"borrowmoney",1
210601,210601,210701,"borrowmoney",1
210602,210602,210902,"borrowmoney",1
210701,210701,211201,"borrowmoney",1
210901,210901,210701,"borrowmoney",1
210902,210902,211101,"borrowmoney",1
211101,211101,211201,"borrowmoney",1
211102,211102,210702,"borrowmoney",1
211801,211801,212103,"borrowmoney",1
211802,211802,211602,"borrowmoney",1
211805,211805,211801,"borrowmoney",1
211901,211901,214101,"borrowmoney",1
211902,211902,212102,"borrowmoney",1
211903,211903,212302,"borrowmoney",1
211904,211904,211903,"borrowmoney",1
212301,212301,211003,"borrowmoney",1
212302,212302,210601,"borrowmoney",1
212303,212303,211003,"borrowmoney",1
212304,212304,212302,"borrowmoney",1
212306,212306,211003,"borrowmoney",1
212307,212307,212302,"borrowmoney",1
212401,212401,213701,"borrowmoney",1
212402,212402,216201,"borrowmoney",1
213002,213002,208904,"borrowmoney",1
213004,213004,213302,"borrowmoney",1
213101,213101,213601,"borrowmoney",1
213102,213102,213602,"borrowmoney",1
213701,213701,212401,"borrowmoney",1
213702,213702,218402,"borrowmoney",1
213801,213801,216401,"borrowmoney",1
214101,214101,211101,"borrowmoney",1
214102,214102,212904,"borrowmoney",1
214103,214103,203001,"borrowmoney",1
214201,214201,214101,"borrowmoney",1
214202,214202,214102,"borrowmoney",1
214203,214203,214102,"borrowmoney",1
214206,214206,214102,"borrowmoney",1
214401,214401,214301,"borrowmoney",1
214501,214501,212901,"borrowmoney",1
214502,214502,212902,"borrowmoney",1
214503,214503,203501,"borrowmoney",1
214504,214504,214501,"borrowmoney",1
214901,214901,217303,"borrowmoney",1
214902,214902,217302,"borrowmoney",1
215401,215401,215703,"borrowmoney",1
215402,215402,215704,"borrowmoney",1
215701,215701,212801,"borrowmoney",1
215703,215703,203001,"borrowmoney",1
215902,215902,216204,"borrowmoney",1
216101,216101,215504,"borrowmoney",1
216102,216102,215401,"borrowmoney",1
216401,216401,217101,"borrowmoney",1
216402,216402,216302,"borrowmoney",1
216403,216403,203001,"borrowmoney",1
216404,216404,216403,"borrowmoney",1
216702,216702,200402,"borrowmoney",1
216804,216804,215305,"borrowmoney",1
216901,216901,213003,"borrowmoney",1
216903,216903,213003,"borrowmoney",1
216904,216904,210601,"borrowmoney",1
216905,216905,202502,"borrowmoney",1
216906,216906,212907,"borrowmoney",1
200201,200201,200901,"borrowmoney",1
200603,200603,210201,"borrowmoney",1
200901,200901,200801,"borrowmoney",1
201001,201001,214101,"borrowmoney",1
201002,201002,214101,"borrowmoney",1
201102,201102,212401,"borrowmoney",1
201103,201103,212401,"borrowmoney",1
201201,201201,214301,"borrowmoney",1
201202,201202,214301,"borrowmoney",1
201203,201203,214301,"borrowmoney",1
201204,201204,214301,"borrowmoney",1
201205,201205,214301,"borrowmoney",1
201206,201206,214301,"borrowmoney",1
201301,201301,202201,"borrowmoney",1
201302,201302,202201,"borrowmoney",1
201501,201501,200801,"borrowmoney",1
201502,201502,200801,"borrowmoney",1
201601,201601,201501,"borrowmoney",1
201801,201801,211902,"borrowmoney",1
201802,201802,201202,"borrowmoney",1
202801,202801,202101,"borrowmoney",1
203201,203201,218701,"borrowmoney",1
203301,203301,203201,"borrowmoney",1
203601,203601,217101,"borrowmoney",1
203701,203701,212903,"borrowmoney",1
203702,203702,203501,"borrowmoney",1
204504,204504,206704,"borrowmoney",1
205001,205001,204801,"borrowmoney",1
205002,205002,204802,"borrowmoney",1
205004,205004,205001,"borrowmoney",1
205101,205101,205401,"borrowmoney",1
205301,205301,205402,"borrowmoney",1
205302,205302,208601,"borrowmoney",1
205401,205401,205305,"borrowmoney",1
205402,205402,205501,"borrowmoney",1
205501,205501,217502,"borrowmoney",1
205502,205502,208101,"borrowmoney",1
205601,205601,212302,"borrowmoney",1
206001,206001,205803,"borrowmoney",1
206601,206601,204203,"borrowmoney",1
206602,206602,206704,"borrowmoney",1
206901,206901,205301,"borrowmoney",1
206902,206902,205302,"borrowmoney",1
206908,206908,208602,"borrowmoney",1
207101,207101,207903,"borrowmoney",1
207102,207102,208001,"borrowmoney",1
207401,207401,205901,"borrowmoney",1
207402,207402,205305,"borrowmoney",1
207801,207801,207703,"borrowmoney",1
208302,208302,209602,"borrowmoney",1
208402,208402,208503,"borrowmoney",1
208601,208601,208502,"borrowmoney",1
208603,208603,207201,"borrowmoney",1
208701,208701,218701,"borrowmoney",1
209301,209301,204903,"borrowmoney",1
209302,209302,209502,"borrowmoney",1
209502,209502,205002,"borrowmoney",1
209504,209504,209404,"borrowmoney",1
209601,209601,209501,"borrowmoney",1
209801,209801,208801,"borrowmoney",1
209803,209803,208901,"borrowmoney",1
210403,210403,210601,"borrowmoney",1
210501,210501,210902,"borrowmoney",1
210502,210502,210902,"borrowmoney",1
210505,210505,210902,"borrowmoney",1
211802,211802,208001,"borrowmoney",1
211805,211805,202403,"borrowmoney",1
211903,211903,210403,"borrowmoney",1
211904,211904,212303,"borrowmoney",1
212306,212306,213601,"borrowmoney",1
212402,212402,216102,"borrowmoney",1
213002,213002,213605,"borrowmoney",1
214101,214101,211003,"borrowmoney",1
214102,214102,212902,"borrowmoney",1
214203,214203,212902,"borrowmoney",1
214502,214502,214601,"borrowmoney",1
214503,214503,212901,"borrowmoney",1
214504,214504,212901,"borrowmoney",1
215703,215703,202501,"borrowmoney",1
216101,216101,215401,"borrowmoney",1
216102,216102,215505,"borrowmoney",1
216401,216401,213801,"borrowmoney",1
216402,216402,216505,"borrowmoney",1
216403,216403,215306,"borrowmoney",1
216404,216404,202101,"borrowmoney",1
216702,216702,217802,"borrowmoney",1
216804,216804,215402,"borrowmoney",1
216901,216901,212901,"borrowmoney",1
216903,216903,210901,"borrowmoney",1
216905,216905,202702,"borrowmoney",1
216906,216906,215306,"borrowmoney",1
205001,205001,204401,"borrowmoney",1
205004,205004,206504,"borrowmoney",1
205502,205502,217502,"borrowmoney",1
206001,206001,206903,"borrowmoney",1
206601,206601,204404,"borrowmoney",1
206908,206908,209601,"borrowmoney",1
207101,207101,207201,"borrowmoney",1
207102,207102,207002,"borrowmoney",1
207402,207402,206703,"borrowmoney",1
210502,210502,202201,"borrowmoney",1
214504,214504,203502,"borrowmoney",1
215703,215703,217201,"borrowmoney",1
216403,216403,204403,"borrowmoney",1
206601,206601,205805,"borrowmoney",1
200101,200401,200101,"receivemoney",1
200201,200903,200201,"receivemoney",1
200202,200402,200202,"receivemoney",1
200401,200201,200401,"receivemoney",1
200402,200201,200402,"receivemoney",1
200601,200603,200601,"receivemoney",1
200603,211601,200603,"receivemoney",1
200901,200701,200901,"receivemoney",1
201001,211003,201001,"receivemoney",1
201002,211003,201002,"receivemoney",1
201102,204203,201102,"receivemoney",1
201103,204203,201103,"receivemoney",1
201201,213301,201201,"receivemoney",1
201202,213301,201202,"receivemoney",1
201203,213301,201203,"receivemoney",1
201204,213301,201204,"receivemoney",1
201205,213301,201205,"receivemoney",1
201206,213301,201206,"receivemoney",1
201301,200902,201301,"receivemoney",1
201302,200902,201302,"receivemoney",1
201501,201402,201501,"receivemoney",1
201502,201402,201502,"receivemoney",1
201801,212801,201801,"receivemoney",1
201802,201202,201802,"receivemoney",1
202001,204101,202001,"receivemoney",1
202002,204101,202002,"receivemoney",1
202401,216801,202401,"receivemoney",1
202402,202302,202402,"receivemoney",1
202501,202601,202501,"receivemoney",1
202601,217201,202601,"receivemoney",1
202801,214901,202801,"receivemoney",1
202802,202902,202802,"receivemoney",1
202803,202902,202803,"receivemoney",1
203302,203202,203302,"receivemoney",1
203601,200701,203601,"receivemoney",1
203602,200702,203602,"receivemoney",1
203701,217001,203701,"receivemoney",1
204504,205002,204504,"receivemoney",1
204601,204904,204601,"receivemoney",1
205001,204801,205001,"receivemoney",1
205002,204402,205002,"receivemoney",1
205004,205102,205004,"receivemoney",1
205101,206201,205101,"receivemoney",1
205102,206201,205102,"receivemoney",1
205301,208601,205301,"receivemoney",1
205302,208601,205302,"receivemoney",1
205401,206101,205401,"receivemoney",1
205402,210002,205402,"receivemoney",1
205501,205602,205501,"receivemoney",1
205502,205602,205502,"receivemoney",1
205601,205501,205601,"receivemoney",1
205602,217502,205602,"receivemoney",1
206001,206903,206001,"receivemoney",1
206002,206102,206002,"receivemoney",1
206201,206102,206201,"receivemoney",1
206202,206102,206202,"receivemoney",1
206601,206703,206601,"receivemoney",1
206602,206502,206602,"receivemoney",1
206901,205301,206901,"receivemoney",1
206902,206206,206902,"receivemoney",1
206903,205305,206903,"receivemoney",1
206904,207001,206904,"receivemoney",1
206908,205305,206908,"receivemoney",1
207101,207001,207101,"receivemoney",1
207102,207501,207102,"receivemoney",1
207401,205901,207401,"receivemoney",1
207402,206601,207402,"receivemoney",1
207801,207601,207801,"receivemoney",1
207802,207602,207802,"receivemoney",1
208102,203401,208102,"receivemoney",1
208201,209401,208201,"receivemoney",1
208202,208402,208202,"receivemoney",1
208302,209602,208302,"receivemoney",1
208601,209801,208601,"receivemoney",1
208602,208503,208602,"receivemoney",1
208603,208301,208603,"receivemoney",1
208701,207201,208701,"receivemoney",1
208803,206301,208803,"receivemoney",1
208805,208602,208805,"receivemoney",1
208901,209901,208901,"receivemoney",1
209301,207201,209301,"receivemoney",1
209501,205901,209501,"receivemoney",1
209502,205002,209502,"receivemoney",1
209503,205301,209503,"receivemoney",1
209504,218302,209504,"receivemoney",1
209601,209501,209601,"receivemoney",1
209602,208603,209602,"receivemoney",1
209801,208901,209801,"receivemoney",1
209802,209602,209802,"receivemoney",1
209803,208608,209803,"receivemoney",1
209804,207902,209804,"receivemoney",1
209805,209806,209805,"receivemoney",1
210401,211901,210401,"receivemoney",1
210403,203001,210403,"receivemoney",1
210404,210602,210404,"receivemoney",1
210501,210902,210501,"receivemoney",1
210601,210701,210601,"receivemoney",1
210602,210902,210602,"receivemoney",1
210701,211101,210701,"receivemoney",1
210702,210602,210702,"receivemoney",1
210901,210701,210901,"receivemoney",1
210902,210602,210902,"receivemoney",1
211101,210601,211101,"receivemoney",1
211102,210602,211102,"receivemoney",1
211802,211602,211802,"receivemoney",1
211805,202403,211805,"receivemoney",1
211902,212102,211902,"receivemoney",1
211903,212302,211903,"receivemoney",1
211904,212303,211904,"receivemoney",1
212101,215407,212101,"receivemoney",1
212102,211902,212102,"receivemoney",1
212301,211003,212301,"receivemoney",1
212302,210601,212302,"receivemoney",1
212303,211003,212303,"receivemoney",1
212304,212307,212304,"receivemoney",1
212306,211003,212306,"receivemoney",1
212307,211003,212307,"receivemoney",1
212401,213701,212401,"receivemoney",1
212402,216202,212402,"receivemoney",1
213002,208904,213002,"receivemoney",1
213003,212703,213003,"receivemoney",1
213101,213601,213101,"receivemoney",1
213102,213602,213102,"receivemoney",1
213701,212401,213701,"receivemoney",1
213702,218402,213702,"receivemoney",1
213801,216401,213801,"receivemoney",1
214101,211003,214101,"receivemoney",1
214102,200902,214102,"receivemoney",1
214103,210601,214103,"receivemoney",1
214201,203903,214201,"receivemoney",1
214202,214102,214202,"receivemoney",1
214203,214102,214203,"receivemoney",1
214206,214102,214206,"receivemoney",1
214401,200803,214401,"receivemoney",1
214501,212901,214501,"receivemoney",1
214502,212902,214502,"receivemoney",1
214901,217303,214901,"receivemoney",1
214902,217302,214902,"receivemoney",1
215401,215703,215401,"receivemoney",1
215402,215704,215402,"receivemoney",1
215703,202501,215703,"receivemoney",1
215704,216102,215704,"receivemoney",1
215901,216201,215901,"receivemoney",1
215902,216204,215902,"receivemoney",1
216101,215401,216101,"receivemoney",1
216102,215401,216102,"receivemoney",1
216402,216302,216402,"receivemoney",1
216403,203001,216403,"receivemoney",1
216702,200402,216702,"receivemoney",1
216804,215305,216804,"receivemoney",1
216901,212901,216901,"receivemoney",1
216902,211004,216902,"receivemoney",1
216903,213003,216903,"receivemoney",1
216905,202702,216905,"receivemoney",1
216906,212907,216906,"receivemoney",1
200201,200901,200201,"receivemoney",1
200401,210403,200401,"receivemoney",1
200402,210403,200402,"receivemoney",1
200603,210201,200603,"receivemoney",1
200901,200801,200901,"receivemoney",1
201001,214101,201001,"receivemoney",1
201002,214101,201002,"receivemoney",1
201102,212401,201102,"receivemoney",1
201103,212401,201103,"receivemoney",1
201201,214301,201201,"receivemoney",1
201202,214301,201202,"receivemoney",1
201203,214301,201203,"receivemoney",1
201204,214301,201204,"receivemoney",1
201205,214301,201205,"receivemoney",1
201206,214301,201206,"receivemoney",1
201301,202201,201301,"receivemoney",1
201302,202201,201302,"receivemoney",1
201501,200801,201501,"receivemoney",1
201502,200801,201502,"receivemoney",1
201801,211902,201801,"receivemoney",1
201802,211902,201802,"receivemoney",1
203601,217101,203601,"receivemoney",1
203701,212903,203701,"receivemoney",1
204504,206704,204504,"receivemoney",1
205001,204401,205001,"receivemoney",1
205002,204802,205002,"receivemoney",1
205004,206504,205004,"receivemoney",1
205101,207601,205101,"receivemoney",1
205301,205402,205301,"receivemoney",1
205302,206702,205302,"receivemoney",1
205401,205501,205401,"receivemoney",1
205402,205501,205402,"receivemoney",1
205501,208101,205501,"receivemoney",1
205502,208101,205502,"receivemoney",1
206001,205803,206001,"receivemoney",1
206002,205102,206002,"receivemoney",1
206601,204404,206601,"receivemoney",1
206602,206704,206602,"receivemoney",1
206901,205501,206901,"receivemoney",1
206902,205302,206902,"receivemoney",1
206908,209601,206908,"receivemoney",1
207101,207903,207101,"receivemoney",1
207102,208001,207102,"receivemoney",1
207401,204302,207401,"receivemoney",1
207402,205305,207402,"receivemoney",1
208302,208602,208302,"receivemoney",1
208601,208502,208601,"receivemoney",1
208603,207201,208603,"receivemoney",1
208701,218701,208701,"receivemoney",1
209301,204903,209301,"receivemoney",1
209502,218302,209502,"receivemoney",1
209504,209404,209504,"receivemoney",1
209801,208801,209801,"receivemoney",1
209802,205302,209802,"receivemoney",1
209803,208901,209803,"receivemoney",1
209805,209807,209805,"receivemoney",1
210403,210601,210403,"receivemoney",1
211102,210702,211102,"receivemoney",1
211802,208001,211802,"receivemoney",1
211805,211904,211805,"receivemoney",1
211903,210403,211903,"receivemoney",1
212101,211701,212101,"receivemoney",1
212306,213601,212306,"receivemoney",1
212402,216102,212402,"receivemoney",1
213002,213605,213002,"receivemoney",1
214101,211901,214101,"receivemoney",1
214102,212904,214102,"receivemoney",1
214103,201901,214103,"receivemoney",1
214201,214101,214201,"receivemoney",1
214203,212902,214203,"receivemoney",1
215703,217201,215703,"receivemoney",1
215901,215703,215901,"receivemoney",1
215902,215702,215902,"receivemoney",1
216101,215504,216101,"receivemoney",1
216402,216505,216402,"receivemoney",1
216403,215306,216403,"receivemoney",1
216702,217802,216702,"receivemoney",1
216804,215302,216804,"receivemoney",1
216901,213003,216901,"receivemoney",1
216905,202502,216905,"receivemoney",1
216906,215306,216906,"receivemoney",1
200603,200601,200603,"receivemoney",1
205501,217502,205501,"receivemoney",1
205502,217502,205502,"receivemoney",1
206001,205101,206001,"receivemoney",1
206601,205805,206601,"receivemoney",1
207101,207201,207101,"receivemoney",1
207102,207002,207102,"receivemoney",1
207402,206703,207402,"receivemoney",1
209803,204403,209803,"receivemoney",1
215703,203001,215703,"receivemoney",1
215901,213401,215901,"receivemoney",1
216403,204403,216403,"receivemoney",1
200101,200101,200401,"helpdecision",1
200201,200201,200903,"helpdecision",1
200202,200202,200201,"helpdecision",1
200401,200401,200406,"helpdecision",1
200402,200402,200406,"helpdecision",1
200601,200601,211501,"helpdecision",1
200602,200602,200105,"helpdecision",1
200603,200603,211601,"helpdecision",1
200604,200604,200105,"helpdecision",1
200901,200901,200902,"helpdecision",1
200902,200902,212302,"helpdecision",1
201001,201001,211003,"helpdecision",1
201002,201002,211003,"helpdecision",1
201102,201102,204203,"helpdecision",1
201103,201103,204203,"helpdecision",1
201202,201202,201201,"helpdecision",1
201203,201203,201201,"helpdecision",1
201204,201204,201201,"helpdecision",1
201205,201205,201201,"helpdecision",1
201206,201206,201201,"helpdecision",1
201301,201301,202201,"helpdecision",1
201302,201302,202201,"helpdecision",1
201501,201501,201503,"helpdecision",1
201502,201502,201503,"helpdecision",1
201601,201601,201501,"helpdecision",1
201602,201602,201402,"helpdecision",1
201801,201801,202101,"helpdecision",1
201802,201802,201202,"helpdecision",1
202001,202001,204101,"helpdecision",1
202002,202002,204101,"helpdecision",1
202401,202401,202402,"helpdecision",1
202502,202502,202501,"helpdecision",1
202601,202601,217201,"helpdecision",1
202602,202602,201402,"helpdecision",1
202801,202801,211003,"helpdecision",1
202802,202802,202902,"helpdecision",1
202803,202803,208604,"helpdecision",1
203201,203201,217201,"helpdecision",1
203202,203202,200802,"helpdecision",1
203301,203301,203501,"helpdecision",1
203601,203601,217101,"helpdecision",1
203602,203602,203601,"helpdecision",1
203701,203701,212901,"helpdecision",1
204502,204502,204501,"helpdecision",1
204504,204504,208801,"helpdecision",1
204601,204601,204701,"helpdecision",1
204602,204602,204601,"helpdecision",1
205001,205001,204401,"helpdecision",1
205002,205002,205501,"helpdecision",1
205004,205004,205001,"helpdecision",1
205101,205101,207401,"helpdecision",1
205102,205102,205501,"helpdecision",1
205301,205301,205402,"helpdecision",1
205302,205302,206702,"helpdecision",1
205401,205401,205501,"helpdecision",1
205402,205402,205501,"helpdecision",1
205501,205501,212302,"helpdecision",1
205502,205502,205501,"helpdecision",1
205601,205601,205501,"helpdecision",1
205602,205602,205501,"helpdecision",1
206001,206001,205101,"helpdecision",1
206002,206002,206001,"helpdecision",1
206201,206201,206101,"helpdecision",1
206202,206202,206201,"helpdecision",1
206601,206601,206701,"helpdecision",1
206602,206602,206601,"helpdecision",1
206901,206901,205501,"helpdecision",1
206902,206902,205501,"helpdecision",1
206903,206903,205501,"helpdecision",1
206904,206904,205501,"helpdecision",1
206908,206908,206901,"helpdecision",1
206909,206909,206908,"helpdecision",1
207101,207101,207903,"helpdecision",1
207102,207102,207903,"helpdecision",1
207401,207401,218602,"helpdecision",1
207402,207402,218602,"helpdecision",1
207403,207403,207402,"helpdecision",1
207801,207801,211902,"helpdecision",1
207802,207802,205501,"helpdecision",1
208102,208102,203401,"helpdecision",1
208201,208201,205501,"helpdecision",1
208202,208202,205501,"helpdecision",1
208301,208301,208302,"helpdecision",1
208302,208302,208301,"helpdecision",1
208401,208401,205501,"helpdecision",1
208402,208402,205501,"helpdecision",1
208501,208501,208502,"helpdecision",1
208502,208502,208501,"helpdecision",1
208503,208503,208501,"helpdecision",1
208601,208601,207903,"helpdecision",1
208602,208602,207903,"helpdecision",1
208603,208603,208601,"helpdecision",1
208701,208701,207201,"helpdecision",1
208801,208801,212302,"helpdecision",1
208802,208802,211902,"helpdecision",1
208803,208803,205501,"helpdecision",1
208804,208804,205501,"helpdecision",1
208805,208805,208801,"helpdecision",1
208901,208901,208904,"helpdecision",1
208902,208902,208904,"helpdecision",1
209301,209301,212302,"helpdecision",1
209302,209302,212302,"helpdecision",1
209501,209501,209502,"helpdecision",1
209502,209502,209501,"helpdecision",1
209503,209503,209504,"helpdecision",1
209504,209504,209503,"helpdecision",1
209601,209601,205501,"helpdecision",1
209602,209602,205501,"helpdecision",1
209801,209801,217301,"helpdecision",1
209802,209802,209801,"helpdecision",1
209803,209803,208901,"helpdecision",1
209804,209804,209801,"helpdecision",1
209805,209805,209801,"helpdecision",1
210401,210401,210402,"helpdecision",1
210402,210402,210401,"helpdecision",1
210403,210403,210401,"helpdecision",1
210404,210404,210403,"helpdecision",1
210501,210501,210502,"helpdecision",1
210502,210502,210501,"helpdecision",1
210505,210505,210501,"helpdecision",1
210601,210601,210701,"helpdecision",1
210602,210602,210601,"helpdecision",1
210701,210701,210901,"helpdecision",1
210702,210702,211201,"helpdecision",1
210901,210901,210902,"helpdecision",1
210902,210902,210901,"helpdecision",1
211101,211101,211201,"helpdecision",1
211102,211102,211003,"helpdecision",1
211801,211801,211803,"helpdecision",1
211802,211802,211801,"helpdecision",1
211805,211805,217302,"helpdecision",1
211901,211901,211902,"helpdecision",1
211902,211902,211901,"helpdecision",1
211903,211903,217302,"helpdecision",1
211904,211904,211902,"helpdecision",1
212101,212101,205604,"helpdecision",1
212102,212102,212101,"helpdecision",1
212301,212301,212302,"helpdecision",1
212302,212302,212301,"helpdecision",1
212303,212303,212301,"helpdecision",1
212304,212304,212302,"helpdecision",1
212306,212306,211003,"helpdecision",1
212307,212307,212306,"helpdecision",1
212401,212401,212402,"helpdecision",1
212402,212402,212401,"helpdecision",1
213001,213001,216901,"helpdecision",1
213002,213002,213001,"helpdecision",1
213003,213003,213001,"helpdecision",1
213004,213004,213003,"helpdecision",1
213101,213101,213102,"helpdecision",1
213102,213102,213101,"helpdecision",1
213701,213701,213703,"helpdecision",1
213702,213702,213701,"helpdecision",1
213801,213801,213802,"helpdecision",1
213802,213802,213801,"helpdecision",1
214101,214101,211003,"helpdecision",1
214102,214102,212902,"helpdecision",1
214103,214103,210101,"helpdecision",1
214104,214104,212904,"helpdecision",1
214201,214201,208904,"helpdecision",1
214202,214202,214201,"helpdecision",1
214203,214203,214201,"helpdecision",1
214401,214401,214402,"helpdecision",1
214402,214402,214401,"helpdecision",1
214501,214501,214502,"helpdecision",1
214502,214502,214501,"helpdecision",1
214503,214503,214501,"helpdecision",1
214504,214504,212901,"helpdecision",1
214902,214902,214901,"helpdecision",1
215401,215401,215402,"helpdecision",1
215402,215402,215401,"helpdecision",1
215701,215701,215702,"helpdecision",1
215702,215702,215701,"helpdecision",1
215703,215703,215702,"helpdecision",1
215704,215704,215703,"helpdecision",1
215901,215901,215902,"helpdecision",1
215902,215902,215901,"helpdecision",1
216101,216101,216102,"helpdecision",1
216102,216102,216101,"helpdecision",1
216401,216401,216402,"helpdecision",1
216402,216402,216401,"helpdecision",1
216403,216403,216405,"helpdecision",1
216404,216404,216401,"helpdecision",1
216701,216701,216702,"helpdecision",1
216702,216702,200402,"helpdecision",1
216801,216801,216803,"helpdecision",1
216802,216802,216803,"helpdecision",1
216803,216803,215301,"helpdecision",1
216804,216804,216803,"helpdecision",1
216901,216901,216903,"helpdecision",1
216902,216902,216901,"helpdecision",1
216903,216903,216901,"helpdecision",1
216904,216904,216901,"helpdecision",1
216905,216905,216906,"helpdecision",1
216906,216906,216901,"helpdecision",1
200201,200201,200901,"helpdecision",1
200603,200603,203201,"helpdecision",1
200902,200902,211003,"helpdecision",1
202801,202801,202101,"helpdecision",1
202803,202803,201602,"helpdecision",1
203202,203202,210702,"helpdecision",1
203701,203701,216901,"helpdecision",1
205001,205001,204701,"helpdecision",1
205004,205004,205003,"helpdecision",1
205101,205101,205501,"helpdecision",1
205502,205502,208101,"helpdecision",1
205601,205601,212302,"helpdecision",1
206002,206002,205903,"helpdecision",1
206601,206601,206703,"helpdecision",1
206602,206602,206703,"helpdecision",1
206909,206909,208301,"helpdecision",1
207403,207403,204801,"helpdecision",1
208503,208503,208502,"helpdecision",1
208601,208601,208801,"helpdecision",1
208805,208805,218502,"helpdecision",1
209301,209301,211003,"helpdecision",1
209501,209501,209504,"helpdecision",1
209504,209504,209501,"helpdecision",1
209601,209601,212302,"helpdecision",1
209802,209802,217302,"helpdecision",1
209803,209803,204403,"helpdecision",1
210402,210402,210403,"helpdecision",1
210404,210404,210401,"helpdecision",1
210501,210501,210504,"helpdecision",1
210502,210502,210505,"helpdecision",1
210505,210505,210502,"helpdecision",1
210901,210901,210701,"helpdecision",1
211101,211101,211003,"helpdecision",1
211801,211801,211804,"helpdecision",1
211802,211802,211803,"helpdecision",1
211805,211805,211801,"helpdecision",1
211903,211903,211901,"helpdecision",1
212301,212301,212307,"helpdecision",1
212303,212303,212306,"helpdecision",1
212306,212306,212302,"helpdecision",1
212307,212307,212301,"helpdecision",1
214103,214103,204406,"helpdecision",1
214503,214503,212901,"helpdecision",1
214504,214504,203501,"helpdecision",1
215704,215704,215702,"helpdecision",1
216102,216102,215505,"helpdecision",1
216401,216401,216403,"helpdecision",1
216404,216404,217104,"helpdecision",1
216702,216702,211003,"helpdecision",1
216803,216803,216801,"helpdecision",1
216804,216804,216801,"helpdecision",1
216904,216904,215003,"helpdecision",1
200902,200902,217302,"helpdecision",1
209301,209301,205501,"helpdecision",1
216102,216102,215401,"helpdecision",1
200101,200401,200101,"receiveadvice",1
200201,200901,200201,"receiveadvice",1
200202,200902,200202,"receiveadvice",1
200401,200201,200401,"receiveadvice",1
200402,200201,200402,"receiveadvice",1
200601,211501,200601,"receiveadvice",1
200602,200105,200602,"receiveadvice",1
200603,211601,200603,"receiveadvice",1
200901,200701,200901,"receiveadvice",1
200902,217302,200902,"receiveadvice",1
201001,211003,201001,"receiveadvice",1
201002,211003,201002,"receiveadvice",1
201102,204203,201102,"receiveadvice",1
201103,204203,201103,"receiveadvice",1
201201,212102,201201,"receiveadvice",1
201202,212102,201202,"receiveadvice",1
201203,212102,201203,"receiveadvice",1
201204,212102,201204,"receiveadvice",1
201205,212102,201205,"receiveadvice",1
201206,200701,201206,"receiveadvice",1
201301,202201,201301,"receiveadvice",1
201302,202201,201302,"receiveadvice",1
201501,201502,201501,"receiveadvice",1
201502,201504,201502,"receiveadvice",1
201601,201501,201601,"receiveadvice",1
201801,202101,201801,"receiveadvice",1
201802,201202,201802,"receiveadvice",1
202001,204101,202001,"receiveadvice",1
202002,204101,202002,"receiveadvice",1
202401,202402,202401,"receiveadvice",1
202502,202501,202502,"receiveadvice",1
202601,217201,202601,"receiveadvice",1
202801,211003,202801,"receiveadvice",1
202802,202902,202802,"receiveadvice",1
202803,208604,202803,"receiveadvice",1
203201,203301,203201,"receiveadvice",1
203202,210702,203202,"receiveadvice",1
203601,217101,203601,"receiveadvice",1
203602,203601,203602,"receiveadvice",1
203701,200501,203701,"receiveadvice",1
204502,204501,204502,"receiveadvice",1
204504,204502,204504,"receiveadvice",1
204601,204701,204601,"receiveadvice",1
204602,204702,204602,"receiveadvice",1
205001,204701,205001,"receiveadvice",1
205002,205501,205002,"receiveadvice",1
205004,205001,205004,"receiveadvice",1
205101,208606,205101,"receiveadvice",1
205102,205004,205102,"receiveadvice",1
205301,205402,205301,"receiveadvice",1
205302,206702,205302,"receiveadvice",1
205401,205801,205401,"receiveadvice",1
205402,205502,205402,"receiveadvice",1
205501,212302,205501,"receiveadvice",1
205502,205501,205502,"receiveadvice",1
205601,213905,205601,"receiveadvice",1
206001,205101,206001,"receiveadvice",1
206002,205902,206002,"receiveadvice",1
206601,206701,206601,"receiveadvice",1
206602,206601,206602,"receiveadvice",1
206901,205301,206901,"receiveadvice",1
206902,206206,206902,"receiveadvice",1
206903,206601,206903,"receiveadvice",1
206908,206901,206908,"receiveadvice",1
206909,208301,206909,"receiveadvice",1
207101,207903,207101,"receiveadvice",1
207102,207903,207102,"receiveadvice",1
207401,218602,207401,"receiveadvice",1
207402,218602,207402,"receiveadvice",1
207403,207402,207403,"receiveadvice",1
208301,208302,208301,"receiveadvice",1
208302,208301,208302,"receiveadvice",1
208501,208502,208501,"receiveadvice",1
208502,208501,208502,"receiveadvice",1
208503,208501,208503,"receiveadvice",1
208601,205501,208601,"receiveadvice",1
208701,207201,208701,"receiveadvice",1
208801,208601,208801,"receiveadvice",1
208803,206301,208803,"receiveadvice",1
208901,208904,208901,"receiveadvice",1
208902,208904,208902,"receiveadvice",1
209501,205901,209501,"receiveadvice",1
209502,209501,209502,"receiveadvice",1
209503,209504,209503,"receiveadvice",1
209504,209501,209504,"receiveadvice",1
209601,204801,209601,"receiveadvice",1
209801,208901,209801,"receiveadvice",1
209802,209602,209802,"receiveadvice",1
209803,204403,209803,"receiveadvice",1
209804,209806,209804,"receiveadvice",1
209805,209806,209805,"receiveadvice",1
210401,210402,210401,"receiveadvice",1
210402,210401,210402,"receiveadvice",1
210403,210401,210403,"receiveadvice",1
210404,210403,210404,"receiveadvice",1
210501,210502,210501,"receiveadvice",1
210502,210401,210502,"receiveadvice",1
210505,210501,210505,"receiveadvice",1
210601,210701,210601,"receiveadvice",1
210602,210601,210602,"receiveadvice",1
210701,210901,210701,"receiveadvice",1
210702,211201,210702,"receiveadvice",1
210901,210701,210901,"receiveadvice",1
210902,210901,210902,"receiveadvice",1
211101,211201,211101,"receiveadvice",1
211801,211803,211801,"receiveadvice",1
211802,211801,211802,"receiveadvice",1
211805,202403,211805,"receiveadvice",1
211901,211902,211901,"receiveadvice",1
211902,211901,211902,"receiveadvice",1
211903,212302,211903,"receiveadvice",1
211904,211805,211904,"receiveadvice",1
212101,212102,212101,"receiveadvice",1
212102,212101,212102,"receiveadvice",1
212301,212307,212301,"receiveadvice",1
212302,212307,212302,"receiveadvice",1
212303,212306,212303,"receiveadvice",1
212306,213901,212306,"receiveadvice",1
212307,212305,212307,"receiveadvice",1
212401,212402,212401,"receiveadvice",1
212402,212401,212402,"receiveadvice",1
213002,213003,213002,"receiveadvice",1
213003,213004,213003,"receiveadvice",1
213004,213002,213004,"receiveadvice",1
213101,213102,213101,"receiveadvice",1
213102,213101,213102,"receiveadvice",1
213701,213702,213701,"receiveadvice",1
213702,213701,213702,"receiveadvice",1
213801,213802,213801,"receiveadvice",1
213802,213801,213802,"receiveadvice",1
214101,201204,214101,"receiveadvice",1
214102,212902,214102,"receiveadvice",1
214103,201901,214103,"receiveadvice",1
214201,208904,214201,"receiveadvice",1
214202,214201,214202,"receiveadvice",1
214401,214402,214401,"receiveadvice",1
214402,214401,214402,"receiveadvice",1
214501,214501,214501,"receiveadvice",1
214502,214501,214502,"receiveadvice",1
214902,214901,214902,"receiveadvice",1
215401,215402,215401,"receiveadvice",1
215402,215401,215402,"receiveadvice",1
215701,215702,215701,"receiveadvice",1
215702,215701,215702,"receiveadvice",1
215703,215504,215703,"receiveadvice",1
215704,215702,215704,"receiveadvice",1
215901,215902,215901,"receiveadvice",1
215902,215901,215902,"receiveadvice",1
216101,216102,216101,"receiveadvice",1
216102,216101,216102,"receiveadvice",1
216401,216403,216401,"receiveadvice",1
216402,216401,216402,"receiveadvice",1
216403,216405,216403,"receiveadvice",1
216404,216401,216404,"receiveadvice",1
216701,216702,216701,"receiveadvice",1
216702,200402,216702,"receiveadvice",1
216801,216803,216801,"receiveadvice",1
216802,216803,216802,"receiveadvice",1
216803,215301,216803,"receiveadvice",1
216804,216803,216804,"receiveadvice",1
216901,216903,216901,"receiveadvice",1
216902,216902,216902,"receiveadvice",1
216903,216901,216903,"receiveadvice",1
216904,216901,216904,"receiveadvice",1
216905,216901,216905,"receiveadvice",1
216906,216901,216906,"receiveadvice",1
200201,200903,200201,"receiveadvice",1
200603,203201,200603,"receiveadvice",1
200902,212302,200902,"receiveadvice",1
201001,214101,201001,"receiveadvice",1
201002,214101,201002,"receiveadvice",1
201102,212401,201102,"receiveadvice",1
201103,212401,201103,"receiveadvice",1
201201,201204,201201,"receiveadvice",1
201202,201204,201202,"receiveadvice",1
201203,201204,201203,"receiveadvice",1
201204,201201,201204,"receiveadvice",1
201205,200701,201205,"receiveadvice",1
201501,201503,201501,"receiveadvice",1
201502,201505,201502,"receiveadvice",1
202801,202101,202801,"receiveadvice",1
205001,204801,205001,"receiveadvice",1
205002,205001,205002,"receiveadvice",1
205101,207303,205101,"receiveadvice",1
205301,206702,205301,"receiveadvice",1
205302,205402,205302,"receiveadvice",1
205502,208101,205502,"receiveadvice",1
205601,217501,205601,"receiveadvice",1
206002,206001,206002,"receiveadvice",1
206602,206703,206602,"receiveadvice",1
206902,205302,206902,"receiveadvice",1
207403,204801,207403,"receiveadvice",1
208503,208502,208503,"receiveadvice",1
208801,218601,208801,"receiveadvice",1
209504,209503,209504,"receiveadvice",1
209801,209803,209801,"receiveadvice",1
209802,208902,209802,"receiveadvice",1
209803,208608,209803,"receiveadvice",1
209804,209807,209804,"receiveadvice",1
209805,209807,209805,"receiveadvice",1
210501,210505,210501,"receiveadvice",1
211101,211003,211101,"receiveadvice",1
211801,211804,211801,"receiveadvice",1
211802,211803,211802,"receiveadvice",1
211903,210403,211903,"receiveadvice",1
212301,212302,212301,"receiveadvice",1
212306,210505,212306,"receiveadvice",1
212307,212304,212307,"receiveadvice",1
214101,215401,214101,"receiveadvice",1
214103,210601,214103,"receiveadvice",1
216102,215401,216102,"receiveadvice",1
216404,217104,216404,"receiveadvice",1
216803,216801,216803,"receiveadvice",1
214101,212903,214101,"receiveadvice",1
200201,200201,200903,"keroricego",1
200202,200202,200902,"keroricego",1
200401,200401,210403,"keroricego",1
200402,200402,200702,"keroricego",1
200601,200601,200901,"keroricego",1
200602,200602,200105,"keroricego",1
200603,200603,200901,"keroricego",1
200604,200604,200105,"keroricego",1
200901,200901,200801,"keroricego",1
200902,200902,200802,"keroricego",1
201001,201001,214101,"keroricego",1
201002,201002,214101,"keroricego",1
201102,201102,212401,"keroricego",1
201103,201103,212401,"keroricego",1
201201,201201,213301,"keroricego",1
201202,201202,213301,"keroricego",1
201203,201203,213301,"keroricego",1
201204,201204,213301,"keroricego",1
201205,201205,213301,"keroricego",1
201206,201206,213301,"keroricego",1
201301,201301,200902,"keroricego",1
201302,201302,200902,"keroricego",1
201501,201501,201402,"keroricego",1
201502,201502,201402,"keroricego",1
201601,201601,202602,"keroricego",1
201602,201602,201503,"keroricego",1
201801,201801,202101,"keroricego",1
201802,201802,202101,"keroricego",1
202001,202001,204101,"keroricego",1
202002,202002,204101,"keroricego",1
202401,202401,202302,"keroricego",1
202402,202402,202302,"keroricego",1
202502,202502,202302,"keroricego",1
202601,202601,209804,"keroricego",1
202602,202602,201402,"keroricego",1
202801,202801,202902,"keroricego",1
202802,202802,202902,"keroricego",1
202803,202803,202902,"keroricego",1
203201,203201,203301,"keroricego",1
203202,203202,200801,"keroricego",1
203301,203301,203201,"keroricego",1
203302,203302,203201,"keroricego",1
203601,203601,218701,"keroricego",1
203602,203602,218702,"keroricego",1
203701,203701,217001,"keroricego",1
204501,204501,208802,"keroricego",1
204504,204504,205002,"keroricego",1
204601,204601,204701,"keroricego",1
204602,204602,204702,"keroricego",1
205001,205001,205102,"keroricego",1
205002,205002,205102,"keroricego",1
205004,205004,205102,"keroricego",1
205101,205101,205302,"keroricego",1
205102,205102,205302,"keroricego",1
205301,205301,209801,"keroricego",1
205302,205302,206702,"keroricego",1
205401,205401,205302,"keroricego",1
205402,205402,205302,"keroricego",1
205501,205501,205602,"keroricego",1
205502,205502,205602,"keroricego",1
205601,205601,205501,"keroricego",1
205602,205602,217502,"keroricego",1
206001,206001,206903,"keroricego",1
206002,206002,205102,"keroricego",1
206201,206201,206102,"keroricego",1
206202,206202,206102,"keroricego",1
206601,206601,206502,"keroricego",1
206602,206602,206703,"keroricego",1
206901,206901,205501,"keroricego",1
206902,206902,205502,"keroricego",1
206903,206903,205501,"keroricego",1
206904,206904,207002,"keroricego",1
206908,206908,208301,"keroricego",1
206909,206909,207902,"keroricego",1
207101,207101,207002,"keroricego",1
207102,207102,207002,"keroricego",1
207401,207401,204302,"keroricego",1
207402,207402,207301,"keroricego",1
207801,207801,207703,"keroricego",1
207802,207802,207602,"keroricego",1
208102,208102,204502,"keroricego",1
208201,208201,208401,"keroricego",1
208202,208202,208402,"keroricego",1
208301,208301,208601,"keroricego",1
208302,208302,208601,"keroricego",1
208401,208401,207602,"keroricego",1
208402,208402,204702,"keroricego",1
208501,208501,208101,"keroricego",1
208502,208502,210002,"keroricego",1
208503,208503,208602,"keroricego",1
208601,208601,208801,"keroricego",1
208602,208602,207102,"keroricego",1
208603,208603,208301,"keroricego",1
208701,208701,208801,"keroricego",1
208801,208801,208601,"keroricego",1
208802,208802,204502,"keroricego",1
208803,208803,206704,"keroricego",1
208804,208804,204502,"keroricego",1
208805,208805,206704,"keroricego",1
208901,208901,209901,"keroricego",1
208902,208902,218902,"keroricego",1
209301,209301,209504,"keroricego",1
209302,209302,209802,"keroricego",1
209501,209501,209403,"keroricego",1
209502,209502,209104,"keroricego",1
209503,209503,204503,"keroricego",1
209504,209504,209104,"keroricego",1
209601,209601,209101,"keroricego",1
209602,209602,213401,"keroricego",1
209801,209801,205301,"keroricego",1
209802,209802,208601,"keroricego",1
209803,209803,204403,"keroricego",1
209804,209804,207902,"keroricego",1
209805,209805,207902,"keroricego",1
210401,210401,210601,"keroricego",1
210402,210402,210602,"keroricego",1
210403,210403,210601,"keroricego",1
210404,210404,210602,"keroricego",1
210501,210501,210902,"keroricego",1
210502,210502,210401,"keroricego",1
210505,210505,210901,"keroricego",1
210601,210601,210701,"keroricego",1
210602,210602,210902,"keroricego",1
210701,210701,211202,"keroricego",1
210702,210702,211202,"keroricego",1
210901,210901,210701,"keroricego",1
210902,210902,210602,"keroricego",1
211101,211101,210602,"keroricego",1
211102,211102,210602,"keroricego",1
211801,211801,211503,"keroricego",1
211802,211802,211504,"keroricego",1
211805,211805,211901,"keroricego",1
211901,211901,212102,"keroricego",1
211902,211902,212102,"keroricego",1
211903,211903,211801,"keroricego",1
211904,211904,211801,"keroricego",1
212101,212101,211901,"keroricego",1
212102,212102,211901,"keroricego",1
212301,212301,211003,"keroricego",1
212302,212302,210601,"keroricego",1
212303,212303,211003,"keroricego",1
212304,212304,211003,"keroricego",1
212306,212306,216001,"keroricego",1
212307,212307,211003,"keroricego",1
212401,212401,216101,"keroricego",1
212402,212402,215402,"keroricego",1
213001,213001,213101,"keroricego",1
213002,213002,208904,"keroricego",1
213004,213004,213302,"keroricego",1
213101,213101,213601,"keroricego",1
213102,213102,213601,"keroricego",1
213701,213701,218401,"keroricego",1
213702,213702,218402,"keroricego",1
213801,213801,214201,"keroricego",1
214101,214101,214201,"keroricego",1
214102,214102,212904,"keroricego",1
214103,214103,212901,"keroricego",1
214104,214104,212904,"keroricego",1
214201,214201,214102,"keroricego",1
214202,214202,214102,"keroricego",1
214203,214203,214102,"keroricego",1
214206,214206,214102,"keroricego",1
214401,214401,214001,"keroricego",1
214501,214501,212901,"keroricego",1
214502,214502,212902,"keroricego",1
214503,214503,203501,"keroricego",1
214504,214504,203502,"keroricego",1
214901,214901,212701,"keroricego",1
214902,214902,217302,"keroricego",1
215401,215401,215703,"keroricego",1
215402,215402,215703,"keroricego",1
215701,215701,212801,"keroricego",1
215702,215702,215901,"keroricego",1
215704,215704,216102,"keroricego",1
215902,215902,215505,"keroricego",1
216101,216101,215504,"keroricego",1
216102,216102,216302,"keroricego",1
216401,216401,217101,"keroricego",1
216402,216402,217104,"keroricego",1
216403,216403,217104,"keroricego",1
216404,216404,217104,"keroricego",1
216701,216701,216601,"keroricego",1
216702,216702,200402,"keroricego",1
216801,216801,215301,"keroricego",1
216802,216802,215301,"keroricego",1
216803,216803,215301,"keroricego",1
216804,216804,215305,"keroricego",1
216901,216901,212901,"keroricego",1
216904,216904,210601,"keroricego",1
200201,200201,200901,"keroricego",1
200202,200202,212402,"keroricego",1
200602,200602,200901,"keroricego",1
200901,200901,201001,"keroricego",1
200902,200902,201002,"keroricego",1
201001,201001,211003,"keroricego",1
201002,201002,211003,"keroricego",1
201102,201102,204204,"keroricego",1
201103,201103,204204,"keroricego",1
201201,201201,214301,"keroricego",1
201202,201202,214301,"keroricego",1
201203,201203,214301,"keroricego",1
201204,201204,214301,"keroricego",1
201205,201205,214301,"keroricego",1
201206,201206,214301,"keroricego",1
201301,201301,202201,"keroricego",1
201302,201302,202201,"keroricego",1
201501,201501,200801,"keroricego",1
201502,201502,200801,"keroricego",1
201601,201601,201402,"keroricego",1
201602,201602,201402,"keroricego",1
201801,201801,201101,"keroricego",1
201802,201802,201202,"keroricego",1
203201,203201,200801,"keroricego",1
203202,203202,203301,"keroricego",1
203301,203301,203101,"keroricego",1
203302,203302,203101,"keroricego",1
203601,203601,200701,"keroricego",1
203602,203602,200702,"keroricego",1
204501,204501,207703,"keroricego",1
204504,204504,206602,"keroricego",1
205001,205001,206704,"keroricego",1
205002,205002,206704,"keroricego",1
205004,205004,206704,"keroricego",1
205101,205101,205101,"keroricego",1
205102,205102,205402,"keroricego",1
205301,205301,205402,"keroricego",1
205302,205302,208601,"keroricego",1
205402,205402,206102,"keroricego",1
205501,205501,217502,"keroricego",1
205502,205502,217502,"keroricego",1
206001,206001,205101,"keroricego",1
206002,206002,206102,"keroricego",1
206202,206202,206403,"keroricego",1
206601,206601,206703,"keroricego",1
206602,206602,206502,"keroricego",1
206901,206901,205302,"keroricego",1
206902,206902,206802,"keroricego",1
206904,206904,206801,"keroricego",1
206908,206908,206902,"keroricego",1
206909,206909,206902,"keroricego",1
207101,207101,207903,"keroricego",1
207102,207102,208001,"keroricego",1
207401,207401,218602,"keroricego",1
207402,207402,206601,"keroricego",1
207801,207801,207602,"keroricego",1
208102,208102,203401,"keroricego",1
208202,208202,208503,"keroricego",1
208301,208301,207301,"keroricego",1
208302,208302,209801,"keroricego",1
208501,208501,208602,"keroricego",1
208502,208502,208602,"keroricego",1
208503,208503,208101,"keroricego",1
208601,208601,208502,"keroricego",1
208602,208602,208503,"keroricego",1
208701,208701,209001,"keroricego",1
208901,208901,209803,"keroricego",1
208902,208902,207602,"keroricego",1
209301,209301,208802,"keroricego",1
209302,209302,208802,"keroricego",1
209501,209501,203404,"keroricego",1
209502,209502,218302,"keroricego",1
209504,209504,218302,"keroricego",1
209601,209601,209001,"keroricego",1
209602,209602,203402,"keroricego",1
209801,209801,208601,"keroricego",1
209802,209802,205301,"keroricego",1
209803,209803,208901,"keroricego",1
209805,209805,209901,"keroricego",1
210501,210501,217401,"keroricego",1
210502,210502,210602,"keroricego",1
210505,210505,213401,"keroricego",1
210601,210601,216901,"keroricego",1
210602,210602,210701,"keroricego",1
210701,210701,210901,"keroricego",1
210702,210702,211102,"keroricego",1
210902,210902,211102,"keroricego",1
211101,211101,210702,"keroricego",1
211102,211102,210702,"keroricego",1
211802,211802,211602,"keroricego",1
211805,211805,212101,"keroricego",1
211903,211903,211702,"keroricego",1
211904,211904,211702,"keroricego",1
212102,212102,211802,"keroricego",1
212302,212302,209001,"keroricego",1
212306,212306,211902,"keroricego",1
212402,212402,216201,"keroricego",1
213001,213001,211901,"keroricego",1
213002,213002,213605,"keroricego",1
214101,214101,201001,"keroricego",1
214102,214102,200902,"keroricego",1
214103,214103,214201,"keroricego",1
214104,214104,211902,"keroricego",1
214201,214201,212902,"keroricego",1
214202,214202,212902,"keroricego",1
214203,214203,212902,"keroricego",1
214206,214206,212902,"keroricego",1
214501,214501,214602,"keroricego",1
214502,214502,214601,"keroricego",1
214503,214503,212902,"keroricego",1
214504,214504,212902,"keroricego",1
214901,214901,217301,"keroricego",1
214902,214902,212701,"keroricego",1
215701,215701,215901,"keroricego",1
215704,215704,215902,"keroricego",1
216101,216101,215401,"keroricego",1
216102,216102,216203,"keroricego",1
216401,216401,213801,"keroricego",1
216402,216402,218202,"keroricego",1
216403,216403,218202,"keroricego",1
216404,216404,218202,"keroricego",1
216702,216702,217802,"keroricego",1
216804,216804,215402,"keroricego",1
201801,201801,201301,"keroricego",1
201802,201802,201301,"keroricego",1
204504,204504,206704,"keroricego",1
205301,205301,206702,"keroricego",1
205501,205501,208101,"keroricego",1
205502,205502,208101,"keroricego",1
206001,206001,205803,"keroricego",1
206002,206002,205004,"keroricego",1
206909,206909,208301,"keroricego",1
207101,207101,207501,"keroricego",1
207102,207102,207501,"keroricego",1
207401,207401,205302,"keroricego",1
207402,207402,206703,"keroricego",1
208202,208202,208101,"keroricego",1
208301,208301,209801,"keroricego",1
208501,208501,210002,"keroricego",1
208503,208503,210002,"keroricego",1
209502,209502,209404,"keroricego",1
209504,209504,209404,"keroricego",1
209602,209602,209002,"keroricego",1
209803,209803,208608,"keroricego",1
210501,210501,210601,"keroricego",1
210502,210502,210902,"keroricego",1
210505,210505,210401,"keroricego",1
210702,210702,210902,"keroricego",1
211101,211101,211202,"keroricego",1
211102,211102,211202,"keroricego",1
214104,214104,214703,"keroricego",1
216102,216102,215401,"keroricego",1
216402,216402,216505,"keroricego",1
216403,216403,216505,"keroricego",1
216404,216404,216505,"keroricego",1
210502,210502,210302,"keroricego",1
211101,211101,210902,"keroricego",1
216102,216102,215504,"keroricego",1
200201,200903,200201,"keroricecome",1
200202,200902,200202,"keroricecome",1
200401,200201,200401,"keroricecome",1
200402,200702,200402,"keroricecome",1
200601,200901,200601,"keroricecome",1
200602,200105,200602,"keroricecome",1
200603,200901,200603,"keroricecome",1
200604,200105,200604,"keroricecome",1
200901,200801,200901,"keroricecome",1
200902,200802,200902,"keroricecome",1
201001,214101,201001,"keroricecome",1
201002,214101,201002,"keroricecome",1
201102,212401,201102,"keroricecome",1
201103,212401,201103,"keroricecome",1
201201,213301,201201,"keroricecome",1
201202,213301,201202,"keroricecome",1
201203,213301,201203,"keroricecome",1
201204,213301,201204,"keroricecome",1
201205,213301,201205,"keroricecome",1
201206,213301,201206,"keroricecome",1
201301,200902,201301,"keroricecome",1
201302,200902,201302,"keroricecome",1
201501,201402,201501,"keroricecome",1
201502,201402,201502,"keroricecome",1
201601,202602,201601,"keroricecome",1
201602,201503,201602,"keroricecome",1
201801,202101,201801,"keroricecome",1
201802,202101,201802,"keroricecome",1
202001,204101,202001,"keroricecome",1
202002,204101,202002,"keroricecome",1
202401,216801,202401,"keroricecome",1
202402,202302,202402,"keroricecome",1
202501,202402,202501,"keroricecome",1
202601,217201,202601,"keroricecome",1
202801,202902,202801,"keroricecome",1
202802,202902,202802,"keroricecome",1
202803,202902,202803,"keroricecome",1
203201,203301,203201,"keroricecome",1
203202,200801,203202,"keroricecome",1
203301,203101,203301,"keroricecome",1
203302,203202,203302,"keroricecome",1
203601,218701,203601,"keroricecome",1
203602,218702,203602,"keroricecome",1
203701,217001,203701,"keroricecome",1
203702,204202,203702,"keroricecome",1
204501,207703,204501,"keroricecome",1
204504,205002,204504,"keroricecome",1
204602,204702,204602,"keroricecome",1
205001,205102,205001,"keroricecome",1
205002,205102,205002,"keroricecome",1
205004,205102,205004,"keroricecome",1
205101,205302,205101,"keroricecome",1
205102,205302,205102,"keroricecome",1
205301,209801,205301,"keroricecome",1
205302,206702,205302,"keroricecome",1
205401,205302,205401,"keroricecome",1
205402,205302,205402,"keroricecome",1
205501,205602,205501,"keroricecome",1
205502,205602,205502,"keroricecome",1
205601,205501,205601,"keroricecome",1
205602,217502,205602,"keroricecome",1
206001,205101,206001,"keroricecome",1
206002,205102,206002,"keroricecome",1
206201,206102,206201,"keroricecome",1
206202,206102,206202,"keroricecome",1
206601,206502,206601,"keroricecome",1
206602,206703,206602,"keroricecome",1
206901,205501,206901,"keroricecome",1
206902,205502,206902,"keroricecome",1
206903,205501,206903,"keroricecome",1
206904,207002,206904,"keroricecome",1
206908,208301,206908,"keroricecome",1
206909,208301,206909,"keroricecome",1
207101,207002,207101,"keroricecome",1
207102,207501,207102,"keroricecome",1
207401,204302,207401,"keroricecome",1
207402,207301,207402,"keroricecome",1
207801,207703,207801,"keroricecome",1
207802,207602,207802,"keroricecome",1
208102,203401,208102,"keroricecome",1
208201,208401,208201,"keroricecome",1
208202,208402,208202,"keroricecome",1
208301,208601,208301,"keroricecome",1
208302,208601,208302,"keroricecome",1
208401,207602,208401,"keroricecome",1
208402,204702,208402,"keroricecome",1
208501,210002,208501,"keroricecome",1
208502,210002,208502,"keroricecome",1
208503,208602,208503,"keroricecome",1
208601,208801,208601,"keroricecome",1
208602,207102,208602,"keroricecome",1
208603,208301,208603,"keroricecome",1
208701,208801,208701,"keroricecome",1
208801,208601,208801,"keroricecome",1
208802,204502,208802,"keroricecome",1
208803,206704,208803,"keroricecome",1
208804,204502,208804,"keroricecome",1
208805,206704,208805,"keroricecome",1
208901,209901,208901,"keroricecome",1
208902,207602,208902,"keroricecome",1
209301,209504,209301,"keroricecome",1
209302,209504,209302,"keroricecome",1
209501,209403,209501,"keroricecome",1
209502,209404,209502,"keroricecome",1
209503,204503,209503,"keroricecome",1
209504,209104,209504,"keroricecome",1
209601,209002,209601,"keroricecome",1
209602,203402,209602,"keroricecome",1
209801,205301,209801,"keroricecome",1
209802,208601,209802,"keroricecome",1
209803,204403,209803,"keroricecome",1
209804,207902,209804,"keroricecome",1
209805,207902,209805,"keroricecome",1
210401,210601,210401,"keroricecome",1
210402,210602,210402,"keroricecome",1
210403,210601,210403,"keroricecome",1
210404,210602,210404,"keroricecome",1
210501,217401,210501,"keroricecome",1
210502,210602,210502,"keroricecome",1
210505,213401,210505,"keroricecome",1
210601,210701,210601,"keroricecome",1
210602,210902,210602,"keroricecome",1
210701,211202,210701,"keroricecome",1
210702,211202,210702,"keroricecome",1
210901,210701,210901,"keroricecome",1
210902,211102,210902,"keroricecome",1
211101,210602,211101,"keroricecome",1
211102,210602,211102,"keroricecome",1
211801,211503,211801,"keroricecome",1
211802,211504,211802,"keroricecome",1
211805,211901,211805,"keroricecome",1
211901,212102,211901,"keroricecome",1
211902,212102,211902,"keroricecome",1
211903,211801,211903,"keroricecome",1
211904,211801,211904,"keroricecome",1
212101,211901,212101,"keroricecome",1
212102,211901,212102,"keroricecome",1
212301,211003,212301,"keroricecome",1
212302,210601,212302,"keroricecome",1
212303,211003,212303,"keroricecome",1
212304,211003,212304,"keroricecome",1
212306,211902,212306,"keroricecome",1
212307,211003,212307,"keroricecome",1
212401,216101,212401,"keroricecome",1
212402,215402,212402,"keroricecome",1
213001,213101,213001,"keroricecome",1
213002,208904,213002,"keroricecome",1
213004,213302,213004,"keroricecome",1
213101,213601,213101,"keroricecome",1
213102,213601,213102,"keroricecome",1
213701,218401,213701,"keroricecome",1
213702,218402,213702,"keroricecome",1
213801,214201,213801,"keroricecome",1
214101,214201,214101,"keroricecome",1
214102,212904,214102,"keroricecome",1
214103,212901,214103,"keroricecome",1
214104,212904,214104,"keroricecome",1
214201,214102,214201,"keroricecome",1
214202,214102,214202,"keroricecome",1
214203,214102,214203,"keroricecome",1
214206,214102,214206,"keroricecome",1
214501,212901,214501,"keroricecome",1
214502,212902,214502,"keroricecome",1
214503,212902,214503,"keroricecome",1
214504,203502,214504,"keroricecome",1
214901,212701,214901,"keroricecome",1
214902,217302,214902,"keroricecome",1
215401,215703,215401,"keroricecome",1
215402,215703,215402,"keroricecome",1
215701,215901,215701,"keroricecome",1
215702,215901,215702,"keroricecome",1
215703,215901,215703,"keroricecome",1
215704,216101,215704,"keroricecome",1
215901,216902,215901,"keroricecome",1
215902,215505,215902,"keroricecome",1
216101,215504,216101,"keroricecome",1
216102,216302,216102,"keroricecome",1
216401,216503,216401,"keroricecome",1
216402,216505,216402,"keroricecome",1
216403,216505,216403,"keroricecome",1
216404,217104,216404,"keroricecome",1
216701,216601,216701,"keroricecome",1
216702,200402,216702,"keroricecome",1
216801,215301,216801,"keroricecome",1
216802,215301,216802,"keroricecome",1
216803,215301,216803,"keroricecome",1
216804,215305,216804,"keroricecome",1
216901,213003,216901,"keroricecome",1
216902,211004,216902,"keroricecome",1
216904,210602,216904,"keroricecome",1
200201,200901,200201,"keroricecome",1
200202,212402,200202,"keroricecome",1
200601,200101,200601,"keroricecome",1
200602,200901,200602,"keroricecome",1
200901,201001,200901,"keroricecome",1
200902,201002,200902,"keroricecome",1
201001,211003,201001,"keroricecome",1
201002,211003,201002,"keroricecome",1
201102,204204,201102,"keroricecome",1
201103,204204,201103,"keroricecome",1
201201,214301,201201,"keroricecome",1
201202,214301,201202,"keroricecome",1
201203,214301,201203,"keroricecome",1
201204,214301,201204,"keroricecome",1
201205,214301,201205,"keroricecome",1
201206,214301,201206,"keroricecome",1
201301,202201,201301,"keroricecome",1
201302,202201,201302,"keroricecome",1
201501,200801,201501,"keroricecome",1
201502,200801,201502,"keroricecome",1
201801,201101,201801,"keroricecome",1
201802,201202,201802,"keroricecome",1
202402,216801,202402,"keroricecome",1
202601,209804,202601,"keroricecome",1
203201,210701,203201,"keroricecome",1
203202,212302,203202,"keroricecome",1
203301,203201,203301,"keroricecome",1
203302,203102,203302,"keroricecome",1
203601,200701,203601,"keroricecome",1
203602,200702,203602,"keroricecome",1
204501,208802,204501,"keroricecome",1
204504,206602,204504,"keroricecome",1
205001,206704,205001,"keroricecome",1
205002,206704,205002,"keroricecome",1
205004,206704,205004,"keroricecome",1
205101,205402,205101,"keroricecome",1
205102,205402,205102,"keroricecome",1
205301,206702,205301,"keroricecome",1
205302,208601,205302,"keroricecome",1
205402,206102,205402,"keroricecome",1
205501,217502,205501,"keroricecome",1
205502,217502,205502,"keroricecome",1
206001,206903,206001,"keroricecome",1
206002,206102,206002,"keroricecome",1
206601,206703,206601,"keroricecome",1
206602,206502,206602,"keroricecome",1
206901,205302,206901,"keroricecome",1
206902,206802,206902,"keroricecome",1
206904,206801,206904,"keroricecome",1
206908,206902,206908,"keroricecome",1
207101,207903,207101,"keroricecome",1
207102,208001,207102,"keroricecome",1
207401,218602,207401,"keroricecome",1
207402,206601,207402,"keroricecome",1
207801,207602,207801,"keroricecome",1
208202,208101,208202,"keroricecome",1
208301,207301,208301,"keroricecome",1
208302,209801,208302,"keroricecome",1
208501,208602,208501,"keroricecome",1
208502,208602,208502,"keroricecome",1
208503,208101,208503,"keroricecome",1
208601,208502,208601,"keroricecome",1
208602,208503,208602,"keroricecome",1
208701,209001,208701,"keroricecome",1
208901,209803,208901,"keroricecome",1
208902,218902,208902,"keroricecome",1
209301,208802,209301,"keroricecome",1
209302,208802,209302,"keroricecome",1
209501,203404,209501,"keroricecome",1
209502,218302,209502,"keroricecome",1
209504,218302,209504,"keroricecome",1
209601,209102,209601,"keroricecome",1
209801,208601,209801,"keroricecome",1
209802,205301,209802,"keroricecome",1
209803,208901,209803,"keroricecome",1
209805,209901,209805,"keroricecome",1
210501,216401,210501,"keroricecome",1
210502,210302,210502,"keroricecome",1
210505,202504,210505,"keroricecome",1
210601,216901,210601,"keroricecome",1
210602,210702,210602,"keroricecome",1
210701,210901,210701,"keroricecome",1
210702,211102,210702,"keroricecome",1
210902,210602,210902,"keroricecome",1
211101,210702,211101,"keroricecome",1
211102,210702,211102,"keroricecome",1
211805,212101,211805,"keroricecome",1
211903,211702,211903,"keroricecome",1
211904,211702,211904,"keroricecome",1
212302,209001,212302,"keroricecome",1
212306,216001,212306,"keroricecome",1
212402,216201,212402,"keroricecome",1
213001,211901,213001,"keroricecome",1
213002,213605,213002,"keroricecome",1
214101,201001,214101,"keroricecome",1
214102,200902,214102,"keroricecome",1
214103,212904,214103,"keroricecome",1
214201,212902,214201,"keroricecome",1
214202,212902,214202,"keroricecome",1
214203,212902,214203,"keroricecome",1
214206,212902,214206,"keroricecome",1
214501,214602,214501,"keroricecome",1
214502,214601,214502,"keroricecome",1
214503,203501,214503,"keroricecome",1
214504,212902,214504,"keroricecome",1
214901,217301,214901,"keroricecome",1
214902,212701,214902,"keroricecome",1
215703,216101,215703,"keroricecome",1
215704,215902,215704,"keroricecome",1
215902,216204,215902,"keroricecome",1
216101,215401,216101,"keroricecome",1
216102,216203,216102,"keroricecome",1
216401,217101,216401,"keroricecome",1
216402,218202,216402,"keroricecome",1
216403,218202,216403,"keroricecome",1
216404,216505,216404,"keroricecome",1
216702,217802,216702,"keroricecome",1
216804,215402,216804,"keroricecome",1
201801,201301,201801,"keroricecome",1
201802,201301,201802,"keroricecome",1
203202,203301,203202,"keroricecome",1
204504,206704,204504,"keroricecome",1
205301,205402,205301,"keroricecome",1
205501,208101,205501,"keroricecome",1
205502,208101,205502,"keroricecome",1
206001,205803,206001,"keroricecome",1
206002,205004,206002,"keroricecome",1
207101,207501,207101,"keroricecome",1
207102,207002,207102,"keroricecome",1
207401,205302,207401,"keroricecome",1
207402,206703,207402,"keroricecome",1
208301,209801,208301,"keroricecome",1
208501,208101,208501,"keroricecome",1
208503,210002,208503,"keroricecome",1
209502,209104,209502,"keroricecome",1
209504,209404,209504,"keroricecome",1
209803,208608,209803,"keroricecome",1
210502,210902,210502,"keroricecome",1
210702,210902,210702,"keroricecome",1
211101,211202,211101,"keroricecome",1
211102,211202,211102,"keroricecome",1
214101,209101,214101,"keroricecome",1
216102,215401,216102,"keroricecome",1
216402,217104,216402,"keroricecome",1
216403,217104,216403,"keroricecome",1
216404,218202,216404,"keroricecome",1
211101,210902,211101,"keroricecome",1
216102,215504,216102,"keroricecome",1
200101,200101,200401,"visitgo",1
200201,200201,200903,"visitgo",1
200202,200202,200902,"visitgo",1
200401,200401,200101,"visitgo",1
200402,200402,200201,"visitgo",1
200601,200601,211501,"visitgo",1
200602,200602,200105,"visitgo",1
200603,200603,211601,"visitgo",1
200604,200604,200902,"visitgo",1
200901,200901,200801,"visitgo",1
200902,200902,200802,"visitgo",1
201001,201001,211003,"visitgo",1
201002,201002,214101,"visitgo",1
201102,201102,204203,"visitgo",1
201103,201103,203302,"visitgo",1
201301,201301,200902,"visitgo",1
201302,201302,200902,"visitgo",1
201501,201501,201402,"visitgo",1
201502,201502,201402,"visitgo",1
201601,201601,201503,"visitgo",1
201602,201602,201402,"visitgo",1
201801,201801,201204,"visitgo",1
201802,201802,201301,"visitgo",1
202001,202001,204101,"visitgo",1
202002,202002,204101,"visitgo",1
202401,202401,216801,"visitgo",1
202402,202402,202302,"visitgo",1
202501,202501,215501,"visitgo",1
202601,202601,217201,"visitgo",1
202802,202802,202902,"visitgo",1
202803,202803,201602,"visitgo",1
203201,203201,211003,"visitgo",1
203202,203202,210702,"visitgo",1
203301,203301,203201,"visitgo",1
203601,203601,218701,"visitgo",1
203602,203602,200702,"visitgo",1
203701,203701,212903,"visitgo",1
203702,203702,210602,"visitgo",1
204501,204501,208801,"visitgo",1
204502,204502,208802,"visitgo",1
204504,204504,204502,"visitgo",1
204601,204601,204701,"visitgo",1
204602,204602,204702,"visitgo",1
205001,205001,204601,"visitgo",1
205002,205002,204402,"visitgo",1
205004,205004,205102,"visitgo",1
205101,205101,208803,"visitgo",1
205102,205102,205302,"visitgo",1
205301,205301,208301,"visitgo",1
205302,205302,205402,"visitgo",1
205401,205401,206101,"visitgo",1
205402,205402,205302,"visitgo",1
205501,205501,217601,"visitgo",1
205502,205502,217601,"visitgo",1
205601,205601,215301,"visitgo",1
205602,205602,207102,"visitgo",1
206001,206001,205803,"visitgo",1
206002,206002,205102,"visitgo",1
206201,206201,206101,"visitgo",1
206202,206202,206403,"visitgo",1
206601,206601,206703,"visitgo",1
206602,206602,206704,"visitgo",1
206901,206901,218301,"visitgo",1
206902,206902,205502,"visitgo",1
206903,206903,205501,"visitgo",1
206904,206904,207001,"visitgo",1
206908,206908,209601,"visitgo",1
206909,206909,207902,"visitgo",1
207102,207102,207002,"visitgo",1
207401,207401,205302,"visitgo",1
207402,207402,206703,"visitgo",1
207801,207801,207601,"visitgo",1
207802,207802,207602,"visitgo",1
208102,208102,204502,"visitgo",1
208201,208201,218302,"visitgo",1
208202,208202,208402,"visitgo",1
208301,208301,208601,"visitgo",1
208302,208302,208602,"visitgo",1
208401,208401,207602,"visitgo",1
208402,208402,218602,"visitgo",1
208501,208501,210002,"visitgo",1
208502,208502,210002,"visitgo",1
208503,208503,210002,"visitgo",1
208601,208601,209801,"visitgo",1
208602,208602,207101,"visitgo",1
208603,208603,207502,"visitgo",1
208701,208701,209803,"visitgo",1
208801,208801,210001,"visitgo",1
208802,208802,204502,"visitgo",1
208803,208803,206301,"visitgo",1
208804,208804,209002,"visitgo",1
208901,208901,209803,"visitgo",1
208902,208902,218902,"visitgo",1
209301,209301,207201,"visitgo",1
209302,209302,209802,"visitgo",1
209501,209501,207101,"visitgo",1
209502,209502,209805,"visitgo",1
209504,209504,209805,"visitgo",1
209601,209601,204801,"visitgo",1
209602,209602,203402,"visitgo",1
209801,209801,205301,"visitgo",1
209802,209802,208602,"visitgo",1
209803,209803,208608,"visitgo",1
209804,209804,207902,"visitgo",1
209805,209805,207902,"visitgo",1
210402,210402,210602,"visitgo",1
210403,210403,210601,"visitgo",1
210404,210404,210602,"visitgo",1
210501,210501,213401,"visitgo",1
210502,210502,210401,"visitgo",1
210505,210505,210902,"visitgo",1
210601,210601,212903,"visitgo",1
210602,210602,210902,"visitgo",1
210701,210701,210901,"visitgo",1
210702,210702,211202,"visitgo",1
210901,210901,210701,"visitgo",1
210902,210902,211102,"visitgo",1
211101,211101,211201,"visitgo",1
211102,211102,210602,"visitgo",1
211801,211801,211901,"visitgo",1
211802,211802,211602,"visitgo",1
211805,211805,202403,"visitgo",1
211901,211901,214101,"visitgo",1
211902,211902,212102,"visitgo",1
211903,211903,211101,"visitgo",1
211904,211904,211805,"visitgo",1
212101,212101,215401,"visitgo",1
212102,212102,211902,"visitgo",1
212301,212301,211003,"visitgo",1
212302,212302,210601,"visitgo",1
212303,212303,211003,"visitgo",1
212304,212304,201001,"visitgo",1
212306,212306,211003,"visitgo",1
212307,212307,211003,"visitgo",1
212401,212401,216203,"visitgo",1
212402,212402,212502,"visitgo",1
213001,213001,215801,"visitgo",1
213002,213002,208904,"visitgo",1
213003,213003,211503,"visitgo",1
213004,213004,213302,"visitgo",1
213101,213101,213601,"visitgo",1
213102,213102,213601,"visitgo",1
213701,213701,214501,"visitgo",1
213702,213702,214502,"visitgo",1
213801,213801,214201,"visitgo",1
214102,214102,214202,"visitgo",1
214103,214103,214201,"visitgo",1
214104,214104,212904,"visitgo",1
214201,214201,214101,"visitgo",1
214202,214202,214102,"visitgo",1
214203,214203,214102,"visitgo",1
214206,214206,214102,"visitgo",1
214401,214401,214802,"visitgo",1
214501,214501,212901,"visitgo",1
214502,214502,212902,"visitgo",1
214503,214503,214702,"visitgo",1
214504,214504,214702,"visitgo",1
214901,214901,212701,"visitgo",1
214902,214902,217302,"visitgo",1
215401,215401,216101,"visitgo",1
215402,215402,216101,"visitgo",1
215701,215701,212801,"visitgo",1
215702,215702,215302,"visitgo",1
215703,215703,203001,"visitgo",1
215704,215704,216102,"visitgo",1
215901,215901,216201,"visitgo",1
215902,215902,215501,"visitgo",1
216101,216101,216203,"visitgo",1
216102,216102,216204,"visitgo",1
216401,216401,216503,"visitgo",1
216402,216402,216302,"visitgo",1
216403,216403,212802,"visitgo",1
216404,216404,202102,"visitgo",1
216701,216701,200401,"visitgo",1
216702,216702,200402,"visitgo",1
216801,216801,215301,"visitgo",1
216802,216802,215301,"visitgo",1
216803,216803,215301,"visitgo",1
216804,216804,215305,"visitgo",1
216901,216901,213701,"visitgo",1
216902,216902,210602,"visitgo",1
216903,216903,213003,"visitgo",1
216905,216905,202502,"visitgo",1
216906,216906,212907,"visitgo",1
200201,200201,200901,"visitgo",1
200202,200202,212402,"visitgo",1
200401,200401,200201,"visitgo",1
200602,200602,200901,"visitgo",1
200901,200901,200701,"visitgo",1
200902,200902,200702,"visitgo",1
201001,201001,214101,"visitgo",1
201002,201002,211003,"visitgo",1
201102,201102,212401,"visitgo",1
201103,201103,204203,"visitgo",1
201301,201301,202201,"visitgo",1
201302,201302,202201,"visitgo",1
201501,201501,200802,"visitgo",1
201502,201502,200802,"visitgo",1
201601,201601,201501,"visitgo",1
201602,201602,201503,"visitgo",1
201801,201801,201301,"visitgo",1
201802,201802,201202,"visitgo",1
202401,202401,205702,"visitgo",1
202402,202402,200802,"visitgo",1
203201,203201,211201,"visitgo",1
203602,203602,218702,"visitgo",1
203701,203701,217001,"visitgo",1
204501,204501,217101,"visitgo",1
204502,204502,204202,"visitgo",1
204504,204504,206704,"visitgo",1
205001,205001,204801,"visitgo",1
205002,205002,204801,"visitgo",1
205004,205004,206504,"visitgo",1
205301,205301,208601,"visitgo",1
205302,205302,208602,"visitgo",1
205501,205501,205401,"visitgo",1
205502,205502,217502,"visitgo",1
206001,206001,206402,"visitgo",1
206002,206002,205004,"visitgo",1
206601,206601,207301,"visitgo",1
206602,206602,206502,"visitgo",1
206901,206901,208101,"visitgo",1
206903,206903,205601,"visitgo",1
206908,206908,212101,"visitgo",1
206909,206909,206902,"visitgo",1
207102,207102,207401,"visitgo",1
207401,207401,204302,"visitgo",1
207402,207402,205305,"visitgo",1
207801,207801,207903,"visitgo",1
208301,208301,209801,"visitgo",1
208302,208302,209602,"visitgo",1
208501,208501,208101,"visitgo",1
208502,208502,208701,"visitgo",1
208503,208503,208101,"visitgo",1
208701,208701,212101,"visitgo",1
208901,208901,209901,"visitgo",1
208902,208902,207602,"visitgo",1
209501,209501,205901,"visitgo",1
209502,209502,209104,"visitgo",1
209504,209504,209104,"visitgo",1
209601,209601,205301,"visitgo",1
209602,209602,209002,"visitgo",1
209801,209801,209702,"visitgo",1
209802,209802,205302,"visitgo",1
209803,209803,208901,"visitgo",1
209805,209805,208601,"visitgo",1
210501,210501,217401,"visitgo",1
210502,210502,210602,"visitgo",1
210505,210505,210601,"visitgo",1
210602,210602,211101,"visitgo",1
210702,210702,210602,"visitgo",1
210902,210902,210602,"visitgo",1
211101,211101,211004,"visitgo",1
211102,211102,211004,"visitgo",1
211801,211801,212101,"visitgo",1
211802,211802,211504,"visitgo",1
211805,211805,211904,"visitgo",1
211901,211901,210701,"visitgo",1
211902,211902,211503,"visitgo",1
211903,211903,212101,"visitgo",1
211904,211904,211102,"visitgo",1
212101,212101,211701,"visitgo",1
212102,212102,211602,"visitgo",1
212302,212302,209001,"visitgo",1
212304,212304,211003,"visitgo",1
212306,212306,213601,"visitgo",1
212402,212402,215402,"visitgo",1
213002,213002,213605,"visitgo",1
213003,213003,211501,"visitgo",1
213004,213004,213401,"visitgo",1
213701,213701,212901,"visitgo",1
213702,213702,212902,"visitgo",1
214102,214102,212904,"visitgo",1
214104,214104,213902,"visitgo",1
214201,214201,212902,"visitgo",1
214203,214203,212902,"visitgo",1
214206,214206,212902,"visitgo",1
214401,214401,214601,"visitgo",1
214501,214501,217801,"visitgo",1
214503,214503,215402,"visitgo",1
214504,214504,203502,"visitgo",1
214901,214901,217301,"visitgo",1
214902,214902,212701,"visitgo",1
215401,215401,215703,"visitgo",1
215402,215402,215703,"visitgo",1
215701,215701,216401,"visitgo",1
215702,215702,215001,"visitgo",1
215703,215703,210403,"visitgo",1
215704,215704,215902,"visitgo",1
215901,215901,213401,"visitgo",1
215902,215902,216204,"visitgo",1
216101,216101,215401,"visitgo",1
216102,216102,215402,"visitgo",1
216401,216401,216303,"visitgo",1
216402,216402,200401,"visitgo",1
216403,216403,215306,"visitgo",1
216404,216404,216302,"visitgo",1
216702,216702,217802,"visitgo",1
216801,216801,212401,"visitgo",1
216804,216804,215402,"visitgo",1
216901,216901,212901,"visitgo",1
216903,216903,214103,"visitgo",1
216905,216905,202702,"visitgo",1
216906,216906,210403,"visitgo",1
200901,200901,204203,"visitgo",1
200902,200902,204204,"visitgo",1
201801,201801,201101,"visitgo",1
201802,201802,202101,"visitgo",1
204501,204501,216401,"visitgo",1
204504,204504,205002,"visitgo",1
205004,205004,206704,"visitgo",1
205301,205301,209801,"visitgo",1
205302,205302,208904,"visitgo",1
205502,205502,208101,"visitgo",1
206001,206001,206903,"visitgo",1
206601,206601,206501,"visitgo",1
206908,206908,207902,"visitgo",1
206909,206909,215305,"visitgo",1
207402,207402,206601,"visitgo",1
208301,208301,205301,"visitgo",1
208501,208501,208602,"visitgo",1
208502,208502,209802,"visitgo",1
208503,208503,208602,"visitgo",1
208701,208701,207201,"visitgo",1
209502,209502,218302,"visitgo",1
209504,209504,209404,"visitgo",1
209801,209801,209301,"visitgo",1
209802,209802,209602,"visitgo",1
209803,209803,204403,"visitgo",1
210501,210501,216401,"visitgo",1
210502,210502,210902,"visitgo",1
210602,210602,210202,"visitgo",1
210702,210702,211004,"visitgo",1
211102,211102,210902,"visitgo",1
211805,211805,211602,"visitgo",1
211901,211901,218801,"visitgo",1
211902,211902,211801,"visitgo",1
211903,211903,210403,"visitgo",1
211904,211904,212102,"visitgo",1
212102,212102,211802,"visitgo",1
212302,212302,211801,"visitgo",1
212304,212304,213601,"visitgo",1
212306,212306,213901,"visitgo",1
212402,212402,216102,"visitgo",1
213002,213002,216902,"visitgo",1
213701,213701,212401,"visitgo",1
214501,214501,200401,"visitgo",1
214503,214503,215704,"visitgo",1
214504,214504,212703,"visitgo",1
214901,214901,212801,"visitgo",1
214902,214902,212802,"visitgo",1
215401,215401,212401,"visitgo",1
215402,215402,212401,"visitgo",1
215701,215701,211901,"visitgo",1
215703,215703,202501,"visitgo",1
215901,215901,215703,"visitgo",1
216101,216101,215504,"visitgo",1
216102,216102,215504,"visitgo",1
216402,216402,216505,"visitgo",1
216404,216404,217104,"visitgo",1
216901,216901,214501,"visitgo",1
216903,216903,210901,"visitgo",1
216906,216906,216704,"visitgo",1
206001,206001,205101,"visitgo",1
209502,209502,209404,"visitgo",1
209504,209504,218302,"visitgo",1
209801,209801,208901,"visitgo",1
209802,209802,209302,"visitgo",1
210501,210501,210902,"visitgo",1
210502,210502,210302,"visitgo",1
210602,210602,210404,"visitgo",1
211805,211805,211504,"visitgo",1
211903,211903,212302,"visitgo",1
211904,211904,212303,"visitgo",1
212306,212306,210505,"visitgo",1
214503,214503,214402,"visitgo",1
214504,214504,213004,"visitgo",1
214902,214902,214302,"visitgo",1
215701,215701,210704,"visitgo",1
215703,215703,217201,"visitgo",1
215901,215901,210001,"visitgo",1
216901,216901,213003,"visitgo",1
200101,200401,200101,"visitcome",1
200201,200901,200201,"visitcome",1
200202,200902,200202,"visitcome",1
200401,200201,200401,"visitcome",1
200402,200201,200402,"visitcome",1
200601,211501,200601,"visitcome",1
200602,200105,200602,"visitcome",1
200603,211601,200603,"visitcome",1
200604,200902,200604,"visitcome",1
200901,200801,200901,"visitcome",1
200902,200802,200902,"visitcome",1
201001,211003,201001,"visitcome",1
201002,211003,201002,"visitcome",1
201102,204203,201102,"visitcome",1
201103,203302,201103,"visitcome",1
201301,200902,201301,"visitcome",1
201302,200902,201302,"visitcome",1
201501,201402,201501,"visitcome",1
201502,201402,201502,"visitcome",1
201601,201501,201601,"visitcome",1
201602,201501,201602,"visitcome",1
201801,201204,201801,"visitcome",1
201802,201301,201802,"visitcome",1
202001,204101,202001,"visitcome",1
202002,204101,202002,"visitcome",1
202401,211504,202401,"visitcome",1
202402,200802,202402,"visitcome",1
202801,214201,202801,"visitcome",1
202802,202902,202802,"visitcome",1
202803,201602,202803,"visitcome",1
203201,203301,203201,"visitcome",1
203202,210702,203202,"visitcome",1
203301,214802,203301,"visitcome",1
203601,218701,203601,"visitcome",1
203602,200702,203602,"visitcome",1
203701,212903,203701,"visitcome",1
204501,208801,204501,"visitcome",1
204502,208802,204502,"visitcome",1
204504,205002,204504,"visitcome",1
204601,204701,204601,"visitcome",1
204602,204702,204602,"visitcome",1
205001,204801,205001,"visitcome",1
205002,204402,205002,"visitcome",1
205004,205102,205004,"visitcome",1
205101,208803,205101,"visitcome",1
205102,205302,205102,"visitcome",1
205301,208301,205301,"visitcome",1
205302,205402,205302,"visitcome",1
205401,206101,205401,"visitcome",1
205402,206102,205402,"visitcome",1
205501,205401,205501,"visitcome",1
205502,217601,205502,"visitcome",1
205601,209401,205601,"visitcome",1
205602,207002,205602,"visitcome",1
206001,205803,206001,"visitcome",1
206002,205102,206002,"visitcome",1
206201,206101,206201,"visitcome",1
206202,206403,206202,"visitcome",1
206601,206703,206601,"visitcome",1
206602,206704,206602,"visitcome",1
206901,218301,206901,"visitcome",1
206902,205502,206902,"visitcome",1
206903,205801,206903,"visitcome",1
206904,207002,206904,"visitcome",1
206908,209601,206908,"visitcome",1
206909,207902,206909,"visitcome",1
207102,207002,207102,"visitcome",1
207401,205302,207401,"visitcome",1
207402,206703,207402,"visitcome",1
207801,207601,207801,"visitcome",1
207802,207602,207802,"visitcome",1
208102,204502,208102,"visitcome",1
208201,218302,208201,"visitcome",1
208202,208402,208202,"visitcome",1
208301,205301,208301,"visitcome",1
208302,209602,208302,"visitcome",1
208401,204801,208401,"visitcome",1
208402,218502,208402,"visitcome",1
208501,210002,208501,"visitcome",1
208502,210002,208502,"visitcome",1
208503,210002,208503,"visitcome",1
208601,209801,208601,"visitcome",1
208602,207102,208602,"visitcome",1
208701,209803,208701,"visitcome",1
208801,208601,208801,"visitcome",1
208802,204502,208802,"visitcome",1
208803,206301,208803,"visitcome",1
208804,209002,208804,"visitcome",1
208805,218502,208805,"visitcome",1
208901,209901,208901,"visitcome",1
208902,218902,208902,"visitcome",1
209301,207201,209301,"visitcome",1
209302,209802,209302,"visitcome",1
209501,207101,209501,"visitcome",1
209502,209404,209502,"visitcome",1
209504,209104,209504,"visitcome",1
209601,205301,209601,"visitcome",1
209602,203402,209602,"visitcome",1
209801,205301,209801,"visitcome",1
209802,208602,209802,"visitcome",1
209803,204806,209803,"visitcome",1
209804,207902,209804,"visitcome",1
209805,207902,209805,"visitcome",1
210401,210601,210401,"visitcome",1
210402,210602,210402,"visitcome",1
210403,210601,210403,"visitcome",1
210404,210602,210404,"visitcome",1
210501,213401,210501,"visitcome",1
210502,210402,210502,"visitcome",1
210505,210902,210505,"visitcome",1
210601,212903,210601,"visitcome",1
210602,210902,210602,"visitcome",1
210701,211202,210701,"visitcome",1
210702,211202,210702,"visitcome",1
210901,210701,210901,"visitcome",1
210902,211102,210902,"visitcome",1
211101,211201,211101,"visitcome",1
211102,210602,211102,"visitcome",1
211801,211901,211801,"visitcome",1
211802,211602,211802,"visitcome",1
211805,202403,211805,"visitcome",1
211901,214101,211901,"visitcome",1
211902,212102,211902,"visitcome",1
211903,210403,211903,"visitcome",1
211904,211805,211904,"visitcome",1
212101,215401,212101,"visitcome",1
212102,211902,212102,"visitcome",1
212301,211003,212301,"visitcome",1
212302,210601,212302,"visitcome",1
212303,211003,212303,"visitcome",1
212304,201001,212304,"visitcome",1
212306,213901,212306,"visitcome",1
212307,211003,212307,"visitcome",1
212401,216203,212401,"visitcome",1
212402,212502,212402,"visitcome",1
213001,215801,213001,"visitcome",1
213002,208904,213002,"visitcome",1
213003,211503,213003,"visitcome",1
213004,213302,213004,"visitcome",1
213101,213601,213101,"visitcome",1
213102,213601,213102,"visitcome",1
213701,214501,213701,"visitcome",1
213702,214502,213702,"visitcome",1
213801,214201,213801,"visitcome",1
214101,216803,214101,"visitcome",1
214102,214202,214102,"visitcome",1
214103,212901,214103,"visitcome",1
214104,212904,214104,"visitcome",1
214201,214101,214201,"visitcome",1
214202,214102,214202,"visitcome",1
214203,214102,214203,"visitcome",1
214206,214102,214206,"visitcome",1
214401,214802,214401,"visitcome",1
214402,214702,214402,"visitcome",1
214501,212901,214501,"visitcome",1
214502,212902,214502,"visitcome",1
214503,214702,214503,"visitcome",1
214504,214702,214504,"visitcome",1
214901,212701,214901,"visitcome",1
214902,217302,214902,"visitcome",1
215401,216101,215401,"visitcome",1
215402,216101,215402,"visitcome",1
215701,212601,215701,"visitcome",1
215702,215302,215702,"visitcome",1
215703,203001,215703,"visitcome",1
215704,216102,215704,"visitcome",1
215901,216201,215901,"visitcome",1
215902,215501,215902,"visitcome",1
216101,216203,216101,"visitcome",1
216102,216204,216102,"visitcome",1
216401,217101,216401,"visitcome",1
216402,216302,216402,"visitcome",1
216403,215306,216403,"visitcome",1
216404,217104,216404,"visitcome",1
216701,200401,216701,"visitcome",1
216702,200402,216702,"visitcome",1
216801,215301,216801,"visitcome",1
216802,215301,216802,"visitcome",1
216804,215305,216804,"visitcome",1
216901,213701,216901,"visitcome",1
216902,210602,216902,"visitcome",1
216903,213003,216903,"visitcome",1
216904,211203,216904,"visitcome",1
216905,202702,216905,"visitcome",1
216906,212907,216906,"visitcome",1
200201,200903,200201,"visitcome",1
200202,212402,200202,"visitcome",1
200401,200101,200401,"visitcome",1
200901,200701,200901,"visitcome",1
200902,201002,200902,"visitcome",1
201001,214101,201001,"visitcome",1
201102,212401,201102,"visitcome",1
201103,217702,201103,"visitcome",1
201301,202201,201301,"visitcome",1
201302,202201,201302,"visitcome",1
201501,200802,201501,"visitcome",1
201502,200802,201502,"visitcome",1
201601,201504,201601,"visitcome",1
201602,201402,201602,"visitcome",1
201801,201301,201801,"visitcome",1
201802,201202,201802,"visitcome",1
202401,202302,202401,"visitcome",1
203201,211003,203201,"visitcome",1
203301,217302,203301,"visitcome",1
203602,218702,203602,"visitcome",1
203701,217001,203701,"visitcome",1
204501,217101,204501,"visitcome",1
204502,204202,204502,"visitcome",1
204504,206704,204504,"visitcome",1
205001,204601,205001,"visitcome",1
205002,204802,205002,"visitcome",1
205004,206504,205004,"visitcome",1
205102,205402,205102,"visitcome",1
205301,208601,205301,"visitcome",1
205302,208602,205302,"visitcome",1
205501,217601,205501,"visitcome",1
205502,217502,205502,"visitcome",1
205602,206902,205602,"visitcome",1
206001,206402,206001,"visitcome",1
206002,205004,206002,"visitcome",1
206601,207301,206601,"visitcome",1
206602,206502,206602,"visitcome",1
206901,205501,206901,"visitcome",1
206903,206301,206903,"visitcome",1
206908,212101,206908,"visitcome",1
206909,206902,206909,"visitcome",1
207102,207401,207102,"visitcome",1
207401,204302,207401,"visitcome",1
207402,205305,207402,"visitcome",1
207801,207903,207801,"visitcome",1
207802,207902,207802,"visitcome",1
208301,209801,208301,"visitcome",1
208302,208602,208302,"visitcome",1
208402,205002,208402,"visitcome",1
208501,208101,208501,"visitcome",1
208502,208701,208502,"visitcome",1
208503,208101,208503,"visitcome",1
208701,212101,208701,"visitcome",1
208803,214704,208803,"visitcome",1
208805,206704,208805,"visitcome",1
208901,209803,208901,"visitcome",1
208902,207602,208902,"visitcome",1
209301,204903,209301,"visitcome",1
209501,205901,209501,"visitcome",1
209502,209104,209502,"visitcome",1
209504,209404,209504,"visitcome",1
209602,209002,209602,"visitcome",1
209801,209702,209801,"visitcome",1
209802,205302,209802,"visitcome",1
209803,208901,209803,"visitcome",1
209805,208601,209805,"visitcome",1
210501,217401,210501,"visitcome",1
210502,210602,210502,"visitcome",1
210505,210601,210505,"visitcome",1
210602,211102,210602,"visitcome",1
210702,210602,210702,"visitcome",1
210902,210602,210902,"visitcome",1
211101,211004,211101,"visitcome",1
211102,211004,211102,"visitcome",1
211801,212101,211801,"visitcome",1
211802,211504,211802,"visitcome",1
211805,211904,211805,"visitcome",1
211901,218801,211901,"visitcome",1
211902,211801,211902,"visitcome",1
211903,212302,211903,"visitcome",1
211904,212303,211904,"visitcome",1
212102,211602,212102,"visitcome",1
212302,209001,212302,"visitcome",1
212304,211003,212304,"visitcome",1
212306,213601,212306,"visitcome",1
212402,215402,212402,"visitcome",1
213002,213605,213002,"visitcome",1
213003,211501,213003,"visitcome",1
213701,212901,213701,"visitcome",1
213702,212902,213702,"visitcome",1
214101,212901,214101,"visitcome",1
214102,212908,214102,"visitcome",1
214103,214201,214103,"visitcome",1
214104,214702,214104,"visitcome",1
214201,212902,214201,"visitcome",1
214203,212902,214203,"visitcome",1
214206,212902,214206,"visitcome",1
214401,214601,214401,"visitcome",1
214501,217801,214501,"visitcome",1
214503,215402,214503,"visitcome",1
214504,203502,214504,"visitcome",1
214901,217301,214901,"visitcome",1
214902,212701,214902,"visitcome",1
215401,215703,215401,"visitcome",1
215402,215703,215402,"visitcome",1
215701,211901,215701,"visitcome",1
215702,215001,215702,"visitcome",1
215703,210403,215703,"visitcome",1
215704,215902,215704,"visitcome",1
215901,213401,215901,"visitcome",1
215902,216204,215902,"visitcome",1
216101,215401,216101,"visitcome",1
216102,215402,216102,"visitcome",1
216401,213801,216401,"visitcome",1
216402,216505,216402,"visitcome",1
216403,212802,216403,"visitcome",1
216404,202102,216404,"visitcome",1
216702,217802,216702,"visitcome",1
216801,212401,216801,"visitcome",1
216804,215402,216804,"visitcome",1
216901,212901,216901,"visitcome",1
216903,214103,216903,"visitcome",1
216904,210603,216904,"visitcome",1
216906,210403,216906,"visitcome",1
200901,204203,200901,"visitcome",1
200902,200202,200902,"visitcome",1
201601,201505,201601,"visitcome",1
201801,201101,201801,"visitcome",1
201802,202101,201802,"visitcome",1
203301,214801,203301,"visitcome",1
205004,206704,205004,"visitcome",1
205301,209801,205301,"visitcome",1
205302,208904,205302,"visitcome",1
205502,208101,205502,"visitcome",1
206001,206903,206001,"visitcome",1
206601,206501,206601,"visitcome",1
206908,207902,206908,"visitcome",1
207402,206601,207402,"visitcome",1
208301,208601,208301,"visitcome",1
208501,208602,208501,"visitcome",1
208502,209802,208502,"visitcome",1
208503,208602,208503,"visitcome",1
208701,207201,208701,"visitcome",1
209502,218302,209502,"visitcome",1
209504,218302,209504,"visitcome",1
209803,208608,209803,"visitcome",1
210501,210902,210501,"visitcome",1
210502,210902,210502,"visitcome",1
210602,210202,210602,"visitcome",1
211102,210902,211102,"visitcome",1
212102,211802,212102,"visitcome",1
212304,213601,212304,"visitcome",1
212402,216102,212402,"visitcome",1
213701,212401,213701,"visitcome",1
214102,212904,214102,"visitcome",1
214501,200401,214501,"visitcome",1
214901,212801,214901,"visitcome",1
214902,212802,214902,"visitcome",1
215401,212401,215401,"visitcome",1
215402,212401,215402,"visitcome",1
215701,216401,215701,"visitcome",1
215703,202501,215703,"visitcome",1
215901,215703,215901,"visitcome",1
216101,215504,216101,"visitcome",1
216102,215504,216102,"visitcome",1
216402,200401,216402,"visitcome",1
216404,216302,216404,"visitcome",1
216901,214501,216901,"visitcome",1
216903,210901,216903,"visitcome",1
216906,216704,216906,"visitcome",1
200902,200702,200902,"visitcome",1
206001,205101,206001,"visitcome",1
210602,210404,210602,"visitcome",1
214902,214302,214902,"visitcome",1
215701,212801,215701,"visitcome",1
215703,217201,215703,"visitcome",1
215901,210001,215901,"visitcome",1
216901,213003,216901,"visitcome",1
